Id,Label,timeset,Polygon,modularity_class,Eccentricity,closnesscentrality,harmonicclosnesscentrality,betweenesscentrality
ASV_1_F,ASV_1_F,,3,2,4,0.381665,0.403907,838.702331
ASV_100_F,ASV_100_F,,3,2,4,0.395683,0.42177,1334.334798
ASV_102_F,ASV_102_F,,3,1,4,0.388331,0.411722,706.807332
ASV_104_F,ASV_104_F,,3,6,4,0.385041,0.408214,716.774703
ASV_105_F,ASV_105_F,,3,0,4,0.373214,0.394099,459.56725
ASV_106_F,ASV_106_F,,3,3,3,0.389925,0.414833,1183.589531
ASV_107_F,ASV_107_F,,3,4,4,0.381387,0.402791,828.572856
ASV_11_F,ASV_11_F,,3,2,4,0.386036,0.40933,743.332169
ASV_111_F,ASV_111_F,,3,2,4,0.376848,0.397767,652.601077
ASV_112_F,ASV_112_F,,3,3,4,0.366538,0.38445,285.232155
ASV_116_F,ASV_116_F,,3,4,4,0.408363,0.436443,1886.018599
ASV_117_F,ASV_117_F,,3,6,4,0.401306,0.426715,1144.767472
ASV_119_F,ASV_119_F,,3,1,4,0.381526,0.40327,711.852323
ASV_12_F,ASV_12_F,,3,3,4,0.361842,0.378628,309.793018
ASV_120_F,ASV_120_F,,3,3,4,0.379448,0.400558,469.805109
ASV_121_F,ASV_121_F,,3,5,3,0.393005,0.417544,1065.814413
ASV_122_F,ASV_122_F,,3,1,3,0.388765,0.412281,801.078378
ASV_124_F,ASV_124_F,,3,3,4,0.398703,0.424322,1136.552179
ASV_127_F,ASV_127_F,,3,0,3,0.391826,0.416268,826.11044
ASV_129_F,ASV_129_F,,3,0,3,0.40551,0.431898,1213.364279
ASV_13_F,ASV_13_F,,3,3,4,0.390654,0.416348,1215.127774
ASV_132_F,ASV_132_F,,3,5,4,0.382644,0.404864,751.452927
ASV_135_F,ASV_135_F,,3,5,4,0.394042,0.419059,1105.655401
ASV_136_F,ASV_136_F,,3,1,3,0.395534,0.420255,1053.589031
ASV_138_F,ASV_138_F,,3,5,3,0.410932,0.438596,1823.864898
ASV_139_F,ASV_139_F,,3,5,3,0.410126,0.436842,1488.892931
ASV_14_F,ASV_14_F,,3,4,3,0.401152,0.426475,1210.672603
ASV_141_F,ASV_141_F,,3,2,4,0.393301,0.418421,853.695547
ASV_142_F,ASV_142_F,,3,6,4,0.383909,0.40614,690.180851
ASV_143_F,ASV_143_F,,3,4,4,0.358368,0.374242,340.799492
ASV_144_F,ASV_144_F,,3,1,3,0.397641,0.422488,968.70845
ASV_145_F,ASV_145_F,,3,4,3,0.388476,0.411962,960.271044
ASV_146_F,ASV_146_F,,3,1,3,0.385324,0.408134,729.156265
ASV_148_F,ASV_148_F,,3,0,4,0.375224,0.395933,501.517372
ASV_149_F,ASV_149_F,,3,1,4,0.372682,0.392982,550.196557
ASV_15_F,ASV_15_F,,3,3,4,0.387324,0.410845,764.275194
ASV_150_F,ASV_150_F,,3,5,3,0.390071,0.413397,907.41867
ASV_152_F,ASV_152_F,,3,2,3,0.413534,0.441148,1647.513676
ASV_158_F,ASV_158_F,,3,4,4,0.343637,0.356061,166.222783
ASV_16_F,ASV_16_F,,3,3,4,0.382924,0.40638,789.005914
ASV_161_F,ASV_161_F,,3,3,4,0.382084,0.404785,638.361468
ASV_162_F,ASV_162_F,,3,1,4,0.379862,0.402313,699.64683
ASV_163_F,ASV_163_F,,3,1,3,0.412229,0.440191,1711.623207
ASV_165_F,ASV_165_F,,3,4,4,0.381109,0.402791,475.163635
ASV_166_F,ASV_166_F,,3,0,4,0.374016,0.395136,489.273108
ASV_168_F,ASV_168_F,,3,4,3,0.380692,0.402233,654.675591
ASV_169_F,ASV_169_F,,3,2,4,0.391093,0.414912,897.008222
ASV_171_F,ASV_171_F,,3,4,4,0.37712,0.397927,607.105066
ASV_172_F,ASV_172_F,,3,5,4,0.355442,0.371691,304.060192
ASV_173_F,ASV_173_F,,3,5,4,0.347522,0.364195,311.372794
ASV_174_F,ASV_174_F,,3,4,4,0.397944,0.424163,1160.644805
ASV_175_F,ASV_175_F,,3,4,4,0.359601,0.373844,182.634259
ASV_177_F,ASV_177_F,,3,0,3,0.397036,0.422488,1116.570251
ASV_179_F,ASV_179_F,,3,1,4,0.389344,0.414035,985.435121
ASV_18_F,ASV_18_F,,3,3,4,0.381526,0.404226,725.585044
ASV_182_F,ASV_182_F,,3,0,4,0.380554,0.402632,688.346208
ASV_184_F,ASV_184_F,,3,1,3,0.399923,0.425518,1130.159844
ASV_187_F,ASV_187_F,,3,4,3,0.394637,0.419298,962.813865
ASV_189_F,ASV_189_F,,3,4,4,0.39271,0.417305,846.456971
ASV_190_F,ASV_190_F,,3,6,4,0.373481,0.394338,563.966848
ASV_193_F,ASV_193_F,,3,6,3,0.384899,0.407337,679.998471
ASV_194_F,ASV_194_F,,3,0,4,0.381805,0.403668,607.239752
ASV_196_F,ASV_196_F,,3,5,4,0.379448,0.400877,673.1843
ASV_197_F,ASV_197_F,,3,5,4,0.359354,0.376475,343.194322
ASV_199_F,ASV_199_F,,3,0,4,0.390071,0.414115,854.332829
ASV_200_F,ASV_200_F,,3,4,4,0.402232,0.428309,1209.667624
ASV_201_F,ASV_201_F,,3,0,4,0.38,0.401276,497.929351
ASV_203_F,ASV_203_F,,3,4,3,0.372284,0.391069,509.399793
ASV_205_F,ASV_205_F,,3,4,4,0.361217,0.376954,239.267746
ASV_206_F,ASV_206_F,,3,5,4,0.381109,0.402472,531.833255
ASV_209_F,ASV_209_F,,3,0,4,0.387468,0.412281,975.189769
ASV_21_F,ASV_21_F,,3,2,4,0.39434,0.419697,964.279665
ASV_210_F,ASV_210_F,,3,0,4,0.376848,0.39697,460.076023
ASV_211_F,ASV_211_F,,3,2,4,0.388043,0.411563,991.904127
ASV_212_F,ASV_212_F,,3,2,3,0.385609,0.409091,779.579329
ASV_213_F,ASV_213_F,,3,2,3,0.398703,0.424242,1140.850933
ASV_214_F,ASV_214_F,,3,4,3,0.412066,0.439713,1758.240222
ASV_215_F,ASV_215_F,,3,5,4,0.352089,0.366906,198.551328
ASV_216_F,ASV_216_F,,3,5,4,0.38405,0.405901,552.677174
ASV_217_F,ASV_217_F,,3,0,3,0.408363,0.435088,1368.890047
ASV_218_F,ASV_218_F,,3,5,4,0.369781,0.388357,451.113652
ASV_219_F,ASV_219_F,,3,5,4,0.369519,0.387321,386.786667
ASV_221_F,ASV_221_F,,3,7,3,0.391679,0.415152,727.076546
ASV_225_F,ASV_225_F,,3,5,4,0.376577,0.396571,518.894342
ASV_226_F,ASV_226_F,,3,3,3,0.38718,0.410526,754.068445
ASV_227_F,ASV_227_F,,3,0,4,0.381248,0.402951,585.521024
ASV_228_F,ASV_228_F,,3,5,3,0.403787,0.430781,1413.502857
ASV_229_F,ASV_229_F,,3,0,4,0.394191,0.419936,1048.653684
ASV_23_F,ASV_23_F,,3,0,3,0.404099,0.430781,1269.111515
ASV_230_F,ASV_230_F,,3,4,4,0.374686,0.395375,679.288944
ASV_232_F,ASV_232_F,,3,2,4,0.398703,0.424322,1060.003058
ASV_235_F,ASV_235_F,,3,5,4,0.361342,0.377512,291.420235
ASV_237_F,ASV_237_F,,3,4,3,0.401614,0.427911,1444.377702
ASV_238_F,ASV_238_F,,3,4,4,0.37083,0.389872,375.63718
ASV_24_F,ASV_24_F,,3,4,4,0.397792,0.423046,1015.539043
ASV_240_F,ASV_240_F,,3,5,4,0.389925,0.413477,801.141806
ASV_242_F,ASV_242_F,,3,0,3,0.395683,0.420415,1013.712045
ASV_243_F,ASV_243_F,,3,0,4,0.391973,0.415869,897.151947
ASV_245_F,ASV_245_F,,3,0,4,0.386607,0.410287,912.529178
ASV_249_F,ASV_249_F,,3,0,4,0.372682,0.392743,456.556626
ASV_250_F,ASV_250_F,,3,4,4,0.366667,0.38453,458.944061
ASV_251_F,ASV_251_F,,3,0,4,0.374955,0.394896,523.311514
ASV_252_F,ASV_252_F,,3,0,4,0.392415,0.417305,1021.969748
ASV_254_F,ASV_254_F,,3,2,4,0.384615,0.408453,921.754845
ASV_256_F,ASV_256_F,,3,4,4,0.381387,0.40311,658.64359
ASV_257_F,ASV_257_F,,3,4,4,0.383346,0.405662,731.046755
ASV_258_F,ASV_258_F,,3,4,4,0.315424,0.327592,46.476515
ASV_259_F,ASV_259_F,,3,6,4,0.409965,0.4374,1511.661098
ASV_26_F,ASV_26_F,,3,2,3,0.411904,0.439234,1591.283836
ASV_260_F,ASV_260_F,,3,4,4,0.379724,0.402073,690.415061
ASV_261_F,ASV_261_F,,3,5,4,0.385182,0.408453,897.023185
ASV_262_F,ASV_262_F,,3,6,4,0.39212,0.417305,1231.956349
ASV_264_F,ASV_264_F,,3,6,4,0.376848,0.398485,763.540536
ASV_265_F,ASV_265_F,,3,1,3,0.395234,0.419936,1184.746797
ASV_266_F,ASV_266_F,,3,6,4,0.365768,0.383413,339.876951
ASV_268_F,ASV_268_F,,3,4,4,0.369258,0.388836,734.419123
ASV_27_F,ASV_27_F,,3,3,4,0.391826,0.416108,850.317545
ASV_271_F,ASV_271_F,,3,2,4,0.382784,0.404785,615.626049
ASV_273_F,ASV_273_F,,3,0,4,0.370174,0.389234,410.2409
ASV_274_F,ASV_274_F,,3,4,3,0.402387,0.427751,1080.03518
ASV_276_F,ASV_276_F,,3,5,4,0.355805,0.370096,274.687137
ASV_277_F,ASV_277_F,,3,1,4,0.402853,0.429266,1233.787177
ASV_28_F,ASV_28_F,,3,2,4,0.374016,0.393301,438.071759
ASV_280_F,ASV_280_F,,3,1,3,0.388187,0.411962,757.154463
ASV_281_F,ASV_281_F,,3,4,4,0.384191,0.407018,925.101034
ASV_282_F,ASV_282_F,,3,0,4,0.394191,0.418979,991.188264
ASV_283_F,ASV_283_F,,3,5,3,0.39271,0.416587,818.779865
ASV_285_F,ASV_285_F,,3,5,4,0.329134,0.342823,139.322802
ASV_287_F,ASV_287_F,,3,2,4,0.373748,0.393222,420.729745
ASV_289_F,ASV_289_F,,3,1,4,0.374686,0.395215,506.405346
ASV_293_F,ASV_293_F,,3,4,4,0.371886,0.391148,337.754537
ASV_296_F,ASV_296_F,,3,6,4,0.376848,0.39673,443.600288
ASV_299_F,ASV_299_F,,3,4,4,0.366281,0.385646,431.929599
ASV_30_F,ASV_30_F,,3,3,4,0.383346,0.405104,559.818274
ASV_302_F,ASV_302_F,,3,4,4,0.388187,0.41236,820.684807
ASV_303_F,ASV_303_F,,3,5,3,0.390947,0.414992,942.707274
ASV_304_F,ASV_304_F,,3,0,4,0.37617,0.39681,406.478979
ASV_305_F,ASV_305_F,,3,0,4,0.36744,0.387321,417.049067
ASV_307_F,ASV_307_F,,3,1,3,0.382924,0.405104,789.130587
ASV_309_F,ASV_309_F,,3,5,3,0.390071,0.414673,1150.088492
ASV_31_F,ASV_31_F,,3,1,3,0.394637,0.41866,840.857897
ASV_311_F,ASV_311_F,,3,1,4,0.396735,0.423525,1278.295834
ASV_313_F,ASV_313_F,,3,0,4,0.379724,0.401675,722.23083
ASV_314_F,ASV_314_F,,3,5,4,0.389054,0.413317,1070.304263
ASV_317_F,ASV_317_F,,3,5,4,0.379448,0.401356,716.561874
ASV_319_F,ASV_319_F,,3,3,4,0.368087,0.385805,331.137809
ASV_32_F,ASV_32_F,,3,0,3,0.387324,0.410367,716.467239
ASV_321_F,ASV_321_F,,3,4,4,0.347291,0.362121,220.455442
ASV_322_F,ASV_322_F,,3,1,4,0.399618,0.426236,1475.750331
ASV_325_F,ASV_325_F,,3,2,4,0.368997,0.3874,421.329468
ASV_326_F,ASV_326_F,,3,4,4,0.368867,0.387161,357.176827
ASV_327_F,ASV_327_F,,3,0,3,0.405983,0.432376,1274.383026
ASV_329_F,ASV_329_F,,3,5,4,0.374686,0.394577,483.199974
ASV_33_F,ASV_33_F,,3,3,4,0.389344,0.413317,868.504307
ASV_331_F,ASV_331_F,,3,7,3,0.379448,0.400159,485.032269
ASV_332_F,ASV_332_F,,3,6,3,0.398703,0.424242,1168.767573
ASV_333_F,ASV_333_F,,3,1,4,0.377802,0.399282,601.341112
ASV_335_F,ASV_335_F,,3,4,4,0.373748,0.394099,761.156368
ASV_336_F,ASV_336_F,,3,0,4,0.394042,0.419139,1067.220604
ASV_339_F,ASV_339_F,,3,7,4,0.384191,0.406778,668.965227
ASV_34_F,ASV_34_F,,3,2,4,0.40069,0.426715,1206.723118
ASV_340_F,ASV_340_F,,3,1,4,0.395085,0.420175,886.361655
ASV_341_F,ASV_341_F,,3,0,4,0.36641,0.38437,325.177672
ASV_342_F,ASV_342_F,,3,4,4,0.395683,0.420574,887.99549
ASV_343_F,ASV_343_F,,3,2,4,0.380415,0.401834,475.818976
ASV_345_F,ASV_345_F,,3,5,3,0.374955,0.393939,389.13228
ASV_346_F,ASV_346_F,,3,1,4,0.391826,0.416108,839.968186
ASV_348_F,ASV_348_F,,3,5,4,0.369388,0.388278,621.928649
ASV_35_F,ASV_35_F,,3,0,4,0.384191,0.406938,838.417871
ASV_350_F,ASV_350_F,,3,2,4,0.376577,0.397129,612.175557
ASV_351_F,ASV_351_F,,3,2,3,0.387755,0.411802,868.700149
ASV_355_F,ASV_355_F,,3,4,3,0.378349,0.399522,676.97888
ASV_359_F,ASV_359_F,,3,1,4,0.376848,0.397767,680.427868
ASV_360_F,ASV_360_F,,3,1,4,0.387899,0.412201,760.102268
ASV_361_F,ASV_361_F,,3,1,4,0.384191,0.407416,720.015911
ASV_363_F,ASV_363_F,,3,4,3,0.387899,0.411005,811.387061
ASV_364_F,ASV_364_F,,3,5,4,0.393449,0.417783,909.179003
ASV_365_F,ASV_365_F,,3,5,3,0.388765,0.411962,853.883163
ASV_366_F,ASV_366_F,,3,0,4,0.382784,0.404386,600.023759
ASV_367_F,ASV_367_F,,3,1,4,0.38978,0.414195,930.126083
ASV_37_F,ASV_37_F,,3,3,4,0.387324,0.410766,874.034449
ASV_370_F,ASV_370_F,,3,4,3,0.395683,0.420734,1010.46902
ASV_374_F,ASV_374_F,,3,2,4,0.364238,0.380781,326.733897
ASV_379_F,ASV_379_F,,3,5,4,0.381109,0.402951,674.833883
ASV_383_F,ASV_383_F,,3,5,4,0.366538,0.384211,540.238224
ASV_386_F,ASV_386_F,,3,5,4,0.362721,0.379904,368.100847
ASV_389_F,ASV_389_F,,3,2,4,0.367958,0.385407,296.883621
ASV_39_F,ASV_39_F,,3,1,4,0.381526,0.403509,510.612095
ASV_390_F,ASV_390_F,,3,5,4,0.383205,0.405582,681.777964
ASV_395_F,ASV_395_F,,3,2,4,0.368997,0.387161,349.679292
ASV_396_F,ASV_396_F,,3,0,4,0.383065,0.405662,816.85676
ASV_397_F,ASV_397_F,,3,2,4,0.378623,0.400797,860.937362
ASV_4_F,ASV_4_F,,3,3,3,0.398095,0.424242,1586.12804
ASV_40_F,ASV_40_F,,3,4,4,0.391973,0.415869,776.839229
ASV_400_F,ASV_400_F,,3,2,4,0.406457,0.434211,1488.345531
ASV_401_F,ASV_401_F,,3,4,4,0.366281,0.38445,477.664749
ASV_403_F,ASV_403_F,,3,2,4,0.386464,0.409171,662.970072
ASV_405_F,ASV_405_F,,3,2,4,0.378349,0.399043,528.297674
ASV_406_F,ASV_406_F,,3,5,3,0.393449,0.418979,1327.023373
ASV_408_F,ASV_408_F,,3,5,3,0.377802,0.399522,851.415329
ASV_412_F,ASV_412_F,,3,7,3,0.394042,0.418341,904.686619
ASV_413_F,ASV_413_F,,3,2,4,0.391386,0.416268,894.312295
ASV_416_F,ASV_416_F,,3,2,4,0.389199,0.41252,760.150914
ASV_420_F,ASV_420_F,,3,0,4,0.37509,0.395534,484.177205
ASV_422_F,ASV_422_F,,3,0,4,0.388187,0.411722,755.322457
ASV_424_F,ASV_424_F,,3,4,3,0.389344,0.412919,690.009258
ASV_43_F,ASV_43_F,,3,6,3,0.404568,0.431579,1368.194812
ASV_436_F,ASV_436_F,,3,5,4,0.372948,0.392344,496.391246
ASV_437_F,ASV_437_F,,3,5,4,0.37617,0.39689,598.059439
ASV_438_F,ASV_438_F,,3,2,4,0.381387,0.40319,653.454334
ASV_439_F,ASV_439_F,,3,0,4,0.37876,0.398884,437.127681
ASV_44_F,ASV_44_F,,3,0,4,0.393153,0.417783,1004.699365
ASV_440_F,ASV_440_F,,3,5,4,0.371622,0.39067,370.651753
ASV_441_F,ASV_441_F,,3,0,4,0.397944,0.423844,1131.055849
ASV_442_F,ASV_442_F,,3,5,4,0.370042,0.388437,391.624204
ASV_443_F,ASV_443_F,,3,0,4,0.348915,0.362121,134.820369
ASV_45_F,ASV_45_F,,3,6,4,0.381387,0.403509,618.664204
ASV_455_F,ASV_455_F,,3,3,4,0.403475,0.429585,1362.48179
ASV_458_F,ASV_458_F,,3,0,4,0.373748,0.394577,478.078478
ASV_46_F,ASV_46_F,,3,4,3,0.411742,0.439394,1748.774446
ASV_462_F,ASV_462_F,,3,0,3,0.397036,0.422488,1101.6097
ASV_463_F,ASV_463_F,,3,4,3,0.390217,0.414833,1013.9304
ASV_465_F,ASV_465_F,,3,5,4,0.38,0.402313,900.618858
ASV_47_F,ASV_47_F,,3,0,3,0.400844,0.427432,1581.187142
ASV_473_F,ASV_473_F,,3,1,4,0.383205,0.406858,883.213297
ASV_474_F,ASV_474_F,,3,0,4,0.386036,0.408453,673.222928
ASV_475_F,ASV_475_F,,3,0,4,0.397187,0.423046,1102.628368
ASV_479_F,ASV_479_F,,3,0,4,0.381109,0.40319,854.016368
ASV_480_F,ASV_480_F,,3,1,4,0.402387,0.429266,1214.199016
ASV_49_F,ASV_49_F,,3,4,4,0.390508,0.414673,1108.577708
ASV_492_F,ASV_492_F,,3,0,4,0.372416,0.391786,408.861396
ASV_50_F,ASV_50_F,,3,6,4,0.377393,0.398963,701.643669
ASV_500_F,ASV_500_F,,3,5,4,0.36744,0.384928,406.452468
ASV_502_F,ASV_502_F,,3,3,4,0.383768,0.406539,723.610475
ASV_503_F,ASV_503_F,,3,5,4,0.358614,0.37512,304.843537
ASV_508_F,ASV_508_F,,3,5,4,0.395983,0.421132,1050.220707
ASV_51_F,ASV_51_F,,3,6,3,0.395085,0.420096,1197.948844
ASV_512_F,ASV_512_F,,3,0,4,0.385324,0.407576,571.69886
ASV_515_F,ASV_515_F,,3,0,4,0.391239,0.414833,859.816827
ASV_518_F,ASV_518_F,,3,0,4,0.385182,0.407656,609.564595
ASV_52_F,ASV_52_F,,3,6,3,0.403631,0.429665,1311.14649
ASV_520_F,ASV_520_F,,3,5,4,0.375629,0.395853,444.854305
ASV_523_F,ASV_523_F,,3,5,4,0.380415,0.402632,801.933609
ASV_524_F,ASV_524_F,,3,5,4,0.357754,0.37201,180.112142
ASV_525_F,ASV_525_F,,3,6,4,0.376577,0.397209,458.538183
ASV_526_F,ASV_526_F,,3,5,4,0.368217,0.386603,385.112591
ASV_531_F,ASV_531_F,,3,6,4,0.385751,0.409968,866.894663
ASV_54_F,ASV_54_F,,3,2,4,0.398247,0.424801,1456.388841
ASV_546_F,ASV_546_F,,3,5,4,0.359354,0.375199,316.829759
ASV_55_F,ASV_55_F,,3,5,4,0.413861,0.441228,1613.034049
ASV_56_F,ASV_56_F,,3,3,4,0.407249,0.435646,1791.722263
ASV_561_F,ASV_561_F,,3,5,3,0.385467,0.408931,972.788712
ASV_566_F,ASV_566_F,,3,0,4,0.382084,0.404785,768.990618
ASV_58_F,ASV_58_F,,3,1,4,0.384757,0.407337,577.907012
ASV_585_F,ASV_585_F,,3,5,4,0.367958,0.385726,424.109276
ASV_588_F,ASV_588_F,,3,5,4,0.382504,0.405502,801.464003
ASV_59_F,ASV_59_F,,3,1,3,0.388043,0.410845,664.655365
ASV_598_F,ASV_598_F,,3,5,4,0.362595,0.380223,407.480284
ASV_6_F,ASV_6_F,,3,6,4,0.363731,0.380303,223.93469
ASV_61_F,ASV_61_F,,3,5,3,0.380692,0.401276,503.308087
ASV_63_F,ASV_63_F,,3,1,4,0.383627,0.40614,670.739009
ASV_64_F,ASV_64_F,,3,5,4,0.364111,0.379745,252.664296
ASV_646_F,ASV_646_F,,3,5,4,0.372151,0.391707,581.162069
ASV_65_F,ASV_65_F,,3,6,4,0.416833,0.445694,2173.067725
ASV_665_F,ASV_665_F,,3,2,4,0.365257,0.383014,346.178109
ASV_67_F,ASV_67_F,,3,4,3,0.40709,0.433812,1571.947447
ASV_69_F,ASV_69_F,,3,5,4,0.394191,0.419777,1110.175111
ASV_70_F,ASV_70_F,,3,3,4,0.37617,0.39681,647.965017
ASV_71_F,ASV_71_F,,3,5,4,0.381944,0.404147,845.156087
ASV_72_F,ASV_72_F,,3,0,3,0.403631,0.430622,1480.905223
ASV_75_F,ASV_75_F,,3,6,4,0.393449,0.417783,919.7477
ASV_76_F,ASV_76_F,,3,0,3,0.388331,0.412121,881.323535
ASV_8_F,ASV_8_F,,3,6,3,0.402853,0.430463,1679.154692
ASV_80_F,ASV_80_F,,3,4,4,0.386607,0.409729,747.147345
ASV_81_F,ASV_81_F,,3,6,3,0.399007,0.424242,1179.69261
ASV_84_F,ASV_84_F,,3,2,4,0.390071,0.414115,893.375524
ASV_86_F,ASV_86_F,,3,1,3,0.399007,0.424242,969.461596
ASV_87_F,ASV_87_F,,3,0,3,0.39434,0.41866,1146.244809
ASV_88_F,ASV_88_F,,3,1,3,0.388476,0.411962,881.349077
ASV_90_F,ASV_90_F,,3,1,4,0.375359,0.395455,559.21409
ASV_91_F,ASV_91_F,,3,6,3,0.385041,0.407496,770.69702
ASV_92_F,ASV_92_F,,3,6,4,0.388043,0.411244,741.051983
ASV_93_F,ASV_93_F,,3,1,3,0.391532,0.41563,1166.780606
ASV_94_F,ASV_94_F,,3,7,3,0.398247,0.423126,1176.042614
ASV_95_F,ASV_95_F,,3,5,3,0.383346,0.405582,745.105314
ASV_96_F,ASV_96_F,,3,4,4,0.371094,0.389234,369.209557
ASV_97_F,ASV_97_F,,3,2,4,0.389199,0.413636,861.391527
ASV_98_F,ASV_98_F,,3,0,4,0.373882,0.393142,474.713513
ASV_99_F,ASV_99_F,,3,6,3,0.399923,0.425518,1173.775052
ASV100_B,ASV100_B,,,2,4,0.394042,0.420096,1125.268657
ASV1001_B,ASV1001_B,,,0,3,0.393894,0.418501,980.140333
ASV1002_B,ASV1002_B,,,0,4,0.357143,0.372169,150.171796
ASV1003_B,ASV1003_B,,,5,3,0.392415,0.417225,1105.070918
ASV1005_B,ASV1005_B,,,1,4,0.374552,0.394737,455.174717
ASV101_B,ASV101_B,,,2,4,0.398095,0.424641,1374.84179
ASV1018_B,ASV1018_B,,,5,4,0.37931,0.400797,685.192704
ASV1025_B,ASV1025_B,,,5,4,0.335043,0.349601,88.568647
ASV1029_B,ASV1029_B,,,3,4,0.383909,0.407257,915.273076
ASV103_B,ASV103_B,,,0,4,0.391532,0.41571,1021.025985
ASV1036_B,ASV1036_B,,,0,4,0.373615,0.394019,464.240368
ASV104_B,ASV104_B,,,0,3,0.394042,0.418341,976.806456
ASV1040_B,ASV1040_B,,,4,4,0.384615,0.408214,930.053441
ASV1050_B,ASV1050_B,,,6,4,0.379862,0.401116,600.68296
ASV1053_B,ASV1053_B,,,7,4,0.386607,0.410128,811.46006
ASV1059_B,ASV1059_B,,,0,4,0.391679,0.416348,926.144343
ASV106_B,ASV106_B,,,0,4,0.394488,0.420494,1438.334472
ASV1077_B,ASV1077_B,,,3,4,0.371886,0.392105,644.705345
ASV108_B,ASV108_B,,,0,4,0.390071,0.414195,798.778737
ASV109_B,ASV109_B,,,7,4,0.38097,0.402392,527.035943
ASV11_B,ASV11_B,,,2,3,0.391826,0.416906,1003.898685
ASV110_B,ASV110_B,,,1,4,0.393301,0.417943,963.373247
ASV111_B,ASV111_B,,,3,4,0.389344,0.413397,927.497187
ASV112_B,ASV112_B,,,2,4,0.396133,0.421292,976.139618
ASV113_B,ASV113_B,,,0,4,0.381526,0.403429,774.259731
ASV116_B,ASV116_B,,,5,3,0.413698,0.441627,1969.080763
ASV1166_B,ASV1166_B,,,5,4,0.356655,0.37201,204.340213
ASV118_B,ASV118_B,,,0,3,0.389054,0.412919,980.421296
ASV119_B,ASV119_B,,,2,3,0.396434,0.42185,938.100667
ASV12_B,ASV12_B,,,5,4,0.37415,0.395295,779.813568
ASV120_B,ASV120_B,,,0,3,0.399312,0.426156,1522.578481
ASV121_B,ASV121_B,,,0,4,0.382364,0.404785,602.769415
ASV122_B,ASV122_B,,,3,4,0.388476,0.412998,1044.278024
ASV123_B,ASV123_B,,,0,3,0.40146,0.427113,1116.595202
ASV124_B,ASV124_B,,,7,3,0.38862,0.411802,760.465531
ASV125_B,ASV125_B,,,2,4,0.379173,0.4,440.974209
ASV126_B,ASV126_B,,,0,4,0.380554,0.40319,571.008343
ASV127_B,ASV127_B,,,1,4,0.401923,0.427033,1149.22624
ASV129_B,ASV129_B,,,2,4,0.387899,0.410447,634.532329
ASV13_B,ASV13_B,,,0,4,0.391826,0.416826,1089.261952
ASV133_B,ASV133_B,,,2,4,0.373214,0.391786,287.982765
ASV134_B,ASV134_B,,,2,4,0.372019,0.391547,437.094311
ASV135_B,ASV135_B,,,0,3,0.39212,0.416906,1113.555005
ASV136_B,ASV136_B,,,3,4,0.391679,0.416188,843.482081
ASV138_B,ASV138_B,,,1,4,0.403475,0.429585,1195.54938
ASV141_B,ASV141_B,,,3,4,0.387037,0.410845,854.248285
ASV142_B,ASV142_B,,,2,3,0.401152,0.427751,1535.718917
ASV143_B,ASV143_B,,,2,4,0.395234,0.420335,1031.027782
ASV146_B,ASV146_B,,,0,4,0.384757,0.408373,901.42995
ASV147_B,ASV147_B,,,2,4,0.384474,0.407974,818.024676
ASV149_B,ASV149_B,,,0,4,0.377393,0.398485,553.642208
ASV15_B,ASV15_B,,,0,4,0.405196,0.432616,1690.248046
ASV153_B,ASV153_B,,,2,3,0.403319,0.429027,1295.501053
ASV154_B,ASV154_B,,,0,3,0.394191,0.419777,1117.287004
ASV156_B,ASV156_B,,,1,4,0.384757,0.407656,705.549588
ASV158_B,ASV158_B,,,2,3,0.39749,0.422967,1199.857862
ASV159_B,ASV159_B,,,3,4,0.385467,0.409091,792.981073
ASV160_B,ASV160_B,,,7,3,0.395833,0.420255,1032.14756
ASV161_B,ASV161_B,,,3,4,0.379173,0.401276,662.442568
ASV162_B,ASV162_B,,,3,4,0.391973,0.417544,1199.699521
ASV163_B,ASV163_B,,,1,4,0.390654,0.414833,830.287977
ASV166_B,ASV166_B,,,3,4,0.375359,0.396491,469.658586
ASV167_B,ASV167_B,,,0,3,0.409002,0.436683,1672.74775
ASV169_B,ASV169_B,,,0,4,0.402078,0.428549,1331.656723
ASV17_B,ASV17_B,,,3,4,0.36965,0.388836,443.505145
ASV170_B,ASV170_B,,,7,3,0.39916,0.425359,1303.093832
ASV172_B,ASV172_B,,,3,4,0.38,0.402073,658.80912
ASV173_B,ASV173_B,,,0,4,0.392415,0.418022,1151.465612
ASV177_B,ASV177_B,,,7,4,0.390508,0.413955,694.613858
ASV179_B,ASV179_B,,,0,3,0.3908,0.414195,822.352588
ASV18_B,ASV18_B,,,3,4,0.380138,0.402472,734.039498
ASV181_B,ASV181_B,,,3,4,0.387755,0.412041,882.982338
ASV182_B,ASV182_B,,,2,4,0.379862,0.401435,655.942966
ASV185_B,ASV185_B,,,0,4,0.393301,0.417943,866.069842
ASV187_B,ASV187_B,,,3,3,0.412554,0.44051,1880.392545
ASV19_B,ASV19_B,,,2,4,0.376848,0.399043,642.955446
ASV190_B,ASV190_B,,,1,4,0.408682,0.435486,1420.718216
ASV191_B,ASV191_B,,,0,3,0.392267,0.416746,913.020976
ASV193_B,ASV193_B,,,4,4,0.385041,0.407257,757.912546
ASV194_B,ASV194_B,,,0,4,0.414847,0.443142,1698.933844
ASV197_B,ASV197_B,,,1,4,0.381944,0.404147,677.616932
ASV198_B,ASV198_B,,,2,3,0.396886,0.42201,1093.192246
ASV2_B,ASV2_B,,,0,3,0.411094,0.438756,1641.535653
ASV200_B,ASV200_B,,,0,3,0.400844,0.426475,1256.594181
ASV201_B,ASV201_B,,,3,4,0.383768,0.405502,664.687403
ASV203_B,ASV203_B,,,3,4,0.384332,0.407895,861.537508
ASV204_B,ASV204_B,,,0,4,0.366667,0.384051,366.267292
ASV206_B,ASV206_B,,,3,4,0.379586,0.400718,610.296697
ASV207_B,ASV207_B,,,0,3,0.402542,0.42823,1298.520782
ASV209_B,ASV209_B,,,1,4,0.381109,0.402951,694.303708
ASV21_B,ASV21_B,,,0,4,0.379724,0.402392,646.195917
ASV210_B,ASV210_B,,,3,3,0.403319,0.430303,1387.447904
ASV211_B,ASV211_B,,,1,3,0.390508,0.413557,662.446389
ASV213_B,ASV213_B,,,0,4,0.399923,0.425598,979.963572
ASV214_B,ASV214_B,,,7,3,0.375764,0.396172,560.953688
ASV215_B,ASV215_B,,,2,4,0.381805,0.403509,643.145104
ASV217_B,ASV217_B,,,5,3,0.40023,0.425518,1066.707059
ASV219_B,ASV219_B,,,2,4,0.39271,0.418581,1206.268082
ASV22_B,ASV22_B,,,1,4,0.375494,0.395455,528.906122
ASV221_B,ASV221_B,,,1,4,0.364747,0.382536,259.075722
ASV222_B,ASV222_B,,,0,4,0.382924,0.405901,800.245197
ASV223_B,ASV223_B,,,1,3,0.405825,0.432536,1313.518134
ASV226_B,ASV226_B,,,2,4,0.385041,0.408612,796.832411
ASV227_B,ASV227_B,,,1,4,0.380692,0.401994,573.322548
ASV228_B,ASV228_B,,,4,3,0.392267,0.416108,804.115722
ASV229_B,ASV229_B,,,0,4,0.387755,0.412281,980.016143
ASV23_B,ASV23_B,,,3,4,0.392857,0.418501,1173.891042
ASV231_B,ASV231_B,,,0,3,0.398095,0.423285,1158.151357
ASV232_B,ASV232_B,,,0,4,0.38405,0.406858,673.89859
ASV233_B,ASV233_B,,,0,4,0.39271,0.417703,972.58049
ASV236_B,ASV236_B,,,4,4,0.395983,0.421132,1052.588225
ASV237_B,ASV237_B,,,0,4,0.394787,0.419856,983.589525
ASV238_B,ASV238_B,,,3,3,0.398703,0.425199,1417.932034
ASV239_B,ASV239_B,,,6,4,0.383346,0.405742,715.991454
ASV24_B,ASV24_B,,,3,4,0.379173,0.401196,646.681299
ASV240_B,ASV240_B,,,0,4,0.387037,0.409888,706.859233
ASV243_B,ASV243_B,,,1,4,0.389199,0.413557,817.978014
ASV244_B,ASV244_B,,,6,3,0.385324,0.407815,654.36175
ASV245_B,ASV245_B,,,7,3,0.410609,0.437959,1582.230138
ASV246_B,ASV246_B,,,3,4,0.382924,0.405901,810.369672
ASV247_B,ASV247_B,,,3,4,0.397641,0.423604,1093.560943
ASV249_B,ASV249_B,,,6,4,0.381248,0.40327,710.350873
ASV251_B,ASV251_B,,,2,4,0.390217,0.414593,795.287236
ASV252_B,ASV252_B,,,6,3,0.40146,0.427113,1070.520954
ASV253_B,ASV253_B,,,3,4,0.379862,0.402552,656.690242
ASV254_B,ASV254_B,,,2,3,0.385609,0.408772,769.822173
ASV255_B,ASV255_B,,,3,4,0.389635,0.414274,857.763664
ASV256_B,ASV256_B,,,0,3,0.393745,0.418022,879.248747
ASV257_B,ASV257_B,,,3,4,0.390362,0.414195,857.025779
ASV258_B,ASV258_B,,,2,3,0.385894,0.408772,686.533971
ASV261_B,ASV261_B,,,7,4,0.392562,0.416826,878.600696
ASV262_B,ASV262_B,,,2,3,0.404725,0.4311,1241.636808
ASV264_B,ASV264_B,,,3,4,0.382644,0.405981,744.718142
ASV265_B,ASV265_B,,,5,4,0.392267,0.416507,1002.351405
ASV267_B,ASV267_B,,,0,4,0.395833,0.420973,1053.497069
ASV269_B,ASV269_B,,,3,4,0.382224,0.404545,585.699174
ASV27_B,ASV27_B,,,2,3,0.381665,0.403668,643.430376
ASV271_B,ASV271_B,,,0,3,0.408842,0.435885,1488.534872
ASV275_B,ASV275_B,,,7,4,0.385751,0.408453,623.701514
ASV276_B,ASV276_B,,,3,3,0.395534,0.421212,1268.48561
ASV277_B,ASV277_B,,,1,3,0.408842,0.436523,1550.484271
ASV278_B,ASV278_B,,,2,4,0.372284,0.392344,767.767536
ASV279_B,ASV279_B,,,3,4,0.373348,0.392982,422.020286
ASV28_B,ASV28_B,,,3,4,0.370305,0.390032,506.179226
ASV283_B,ASV283_B,,,6,4,0.396886,0.422089,1079.113798
ASV284_B,ASV284_B,,,0,3,0.390071,0.414673,953.912871
ASV285_B,ASV285_B,,,0,3,0.408682,0.435726,1594.935512
ASV286_B,ASV286_B,,,3,4,0.393005,0.417943,996.886279
ASV287_B,ASV287_B,,,1,4,0.386036,0.408214,577.579528
ASV288_B,ASV288_B,,,1,4,0.391532,0.416746,1025.067843
ASV290_B,ASV290_B,,,1,3,0.406773,0.433812,1375.554086
ASV291_B,ASV291_B,,,3,4,0.394042,0.419697,1110.719236
ASV292_B,ASV292_B,,,0,4,0.391093,0.415231,834.048115
ASV293_B,ASV293_B,,,1,3,0.396284,0.421053,1015.79492
ASV295_B,ASV295_B,,,0,3,0.380554,0.401435,587.44353
ASV296_B,ASV296_B,,,1,3,0.398399,0.423604,1214.689555
ASV297_B,ASV297_B,,,3,4,0.380415,0.402472,811.003027
ASV298_B,ASV298_B,,,7,3,0.402232,0.427911,992.195446
ASV30_B,ASV30_B,,,0,4,0.386464,0.410207,1021.027008
ASV300_B,ASV300_B,,,3,4,0.373615,0.393301,475.553654
ASV301_B,ASV301_B,,,3,4,0.384615,0.407974,737.689141
ASV305_B,ASV305_B,,,2,3,0.395683,0.420734,1092.069388
ASV306_B,ASV306_B,,,7,3,0.391239,0.41563,897.527939
ASV308_B,ASV308_B,,,2,4,0.369912,0.389474,410.428063
ASV309_B,ASV309_B,,,7,3,0.39212,0.417544,1087.365918
ASV31_B,ASV31_B,,,1,3,0.403164,0.429506,1529.712679
ASV311_B,ASV311_B,,,7,4,0.384474,0.406699,659.687917
ASV314_B,ASV314_B,,,3,4,0.406141,0.433652,1628.614467
ASV315_B,ASV315_B,,,7,3,0.393894,0.419777,1389.458158
ASV316_B,ASV316_B,,,3,4,0.391093,0.415231,1018.300226
ASV317_B,ASV317_B,,,0,4,0.372815,0.393222,419.50645
ASV318_B,ASV318_B,,,6,3,0.386179,0.408772,860.485096
ASV319_B,ASV319_B,,,1,3,0.39434,0.41866,850.359204
ASV32_B,ASV32_B,,,0,4,0.37083,0.389474,373.863063
ASV324_B,ASV324_B,,,7,4,0.384899,0.407257,651.423467
ASV325_B,ASV325_B,,,6,4,0.385751,0.409171,823.255823
ASV326_B,ASV326_B,,,2,4,0.38978,0.413238,770.495736
ASV328_B,ASV328_B,,,4,3,0.402853,0.428549,1329.45494
ASV330_B,ASV330_B,,,5,4,0.354357,0.370973,358.223884
ASV331_B,ASV331_B,,,0,4,0.377939,0.399841,534.179111
ASV332_B,ASV332_B,,,0,4,0.380692,0.403429,724.716947
ASV333_B,ASV333_B,,,7,4,0.381944,0.405183,696.549704
ASV334_B,ASV334_B,,,1,4,0.379173,0.400558,531.647766
ASV335_B,ASV335_B,,,0,4,0.385609,0.408931,748.245791
ASV337_B,ASV337_B,,,3,4,0.383627,0.405981,697.455501
ASV339_B,ASV339_B,,,3,4,0.386036,0.409729,942.299221
ASV34_B,ASV34_B,,,3,4,0.352683,0.367863,194.322585
ASV342_B,ASV342_B,,,7,3,0.418167,0.445933,1779.752693
ASV344_B,ASV344_B,,,0,4,0.37876,0.401834,760.93575
ASV345_B,ASV345_B,,,2,4,0.396584,0.422408,1276.133665
ASV346_B,ASV346_B,,,2,4,0.380554,0.401196,493.303662
ASV348_B,ASV348_B,,,3,4,0.394936,0.420654,1019.178491
ASV349_B,ASV349_B,,,4,4,0.379724,0.401356,489.929109
ASV350_B,ASV350_B,,,2,3,0.398247,0.423764,1438.544303
ASV351_B,ASV351_B,,,3,4,0.400998,0.426715,1167.496346
ASV353_B,ASV353_B,,,0,4,0.380831,0.404067,665.027676
ASV355_B,ASV355_B,,,7,3,0.386607,0.40925,713.127069
ASV356_B,ASV356_B,,,1,4,0.388043,0.41252,908.455359
ASV357_B,ASV357_B,,,3,3,0.393745,0.418022,908.762218
ASV358_B,ASV358_B,,,0,4,0.389925,0.414514,960.466978
ASV359_B,ASV359_B,,,7,4,0.391679,0.415949,946.785814
ASV36_B,ASV36_B,,,0,3,0.385609,0.408772,852.598944
ASV362_B,ASV362_B,,,6,4,0.372284,0.391627,438.558073
ASV363_B,ASV363_B,,,0,4,0.381526,0.40303,561.620905
ASV364_B,ASV364_B,,,6,3,0.385182,0.408293,846.597883
ASV365_B,ASV365_B,,,0,4,0.371886,0.391866,446.828127
ASV366_B,ASV366_B,,,5,4,0.393745,0.419697,1353.15124
ASV367_B,ASV367_B,,,3,4,0.390654,0.41555,854.324249
ASV368_B,ASV368_B,,,0,4,0.385467,0.409569,807.29023
ASV370_B,ASV370_B,,,1,3,0.407566,0.433971,1208.299701
ASV372_B,ASV372_B,,,7,4,0.401769,0.42815,1315.507311
ASV373_B,ASV373_B,,,3,4,0.396886,0.422089,1158.970213
ASV374_B,ASV374_B,,,4,4,0.375359,0.395455,461.797058
ASV375_B,ASV375_B,,,1,4,0.394637,0.419458,963.941959
ASV376_B,ASV376_B,,,0,4,0.39434,0.41874,898.333226
ASV378_B,ASV378_B,,,1,4,0.385467,0.409171,898.069997
ASV379_B,ASV379_B,,,2,4,0.358245,0.373126,192.316289
ASV38_B,ASV38_B,,,5,3,0.388043,0.41244,1193.12607
ASV381_B,ASV381_B,,,5,4,0.37712,0.399043,698.084048
ASV382_B,ASV382_B,,,4,4,0.352089,0.366667,383.051221
ASV383_B,ASV383_B,,,5,3,0.380831,0.402392,778.769358
ASV386_B,ASV386_B,,,1,4,0.385324,0.408453,621.195161
ASV387_B,ASV387_B,,,5,4,0.356412,0.371611,290.339558
ASV388_B,ASV388_B,,,5,3,0.405039,0.431419,1380.934101
ASV389_B,ASV389_B,,,3,4,0.380415,0.402392,663.207876
ASV39_B,ASV39_B,,,2,4,0.383205,0.40622,681.706649
ASV391_B,ASV391_B,,,1,3,0.385609,0.408453,684.183266
ASV392_B,ASV392_B,,,2,4,0.365512,0.383333,391.634613
ASV393_B,ASV393_B,,,2,3,0.399465,0.425997,1466.48201
ASV395_B,ASV395_B,,,7,3,0.406615,0.433971,2089.370965
ASV396_B,ASV396_B,,,5,4,0.391973,0.415869,923.51023
ASV398_B,ASV398_B,,,2,4,0.383346,0.407416,1102.361239
ASV399_B,ASV399_B,,,6,4,0.395683,0.421132,1015.533306
ASV40_B,ASV40_B,,,2,3,0.391826,0.416268,993.505572
ASV400_B,ASV400_B,,,2,4,0.368607,0.38764,538.458846
ASV401_B,ASV401_B,,,1,4,0.378898,0.400718,594.312334
ASV402_B,ASV402_B,,,2,4,0.38718,0.410287,695.408759
ASV403_B,ASV403_B,,,1,3,0.388476,0.411324,742.692694
ASV404_B,ASV404_B,,,5,3,0.393449,0.41866,1214.001416
ASV405_B,ASV405_B,,,1,4,0.403475,0.429984,1223.228874
ASV407_B,ASV407_B,,,0,4,0.375224,0.39681,506.391706
ASV41_B,ASV41_B,,,3,4,0.379448,0.401515,775.246089
ASV410_B,ASV410_B,,,1,3,0.410126,0.437799,1588.955054
ASV411_B,ASV411_B,,,0,4,0.394191,0.420096,1168.98674
ASV412_B,ASV412_B,,,2,4,0.361092,0.377751,364.612541
ASV413_B,ASV413_B,,,4,4,0.385609,0.407656,612.429305
ASV415_B,ASV415_B,,,1,3,0.399007,0.423923,1027.596378
ASV416_B,ASV416_B,,,3,4,0.382224,0.404785,691.92027
ASV417_B,ASV417_B,,,0,4,0.394637,0.420494,1023.034283
ASV418_B,ASV418_B,,,6,4,0.379862,0.401037,494.037693
ASV419_B,ASV419_B,,,3,3,0.405196,0.430941,1297.069158
ASV421_B,ASV421_B,,,5,4,0.368737,0.388198,654.5879
ASV422_B,ASV422_B,,,3,4,0.376035,0.39681,414.45418
ASV423_B,ASV423_B,,,7,4,0.39212,0.416348,845.339008
ASV424_B,ASV424_B,,,0,4,0.389925,0.413317,661.953345
ASV425_B,ASV425_B,,,2,3,0.393597,0.417863,958.821328
ASV426_B,ASV426_B,,,7,3,0.393745,0.418022,758.416546
ASV427_B,ASV427_B,,,2,4,0.358983,0.374482,277.479124
ASV429_B,ASV429_B,,,2,4,0.396735,0.421611,975.427559
ASV430_B,ASV430_B,,,3,4,0.375629,0.395215,409.649053
ASV432_B,ASV432_B,,,0,4,0.377393,0.398405,467.020142
ASV434_B,ASV434_B,,,2,3,0.393005,0.418501,1172.625546
ASV435_B,ASV435_B,,,1,4,0.382224,0.404785,703.186409
ASV437_B,ASV437_B,,,2,3,0.40709,0.43445,1510.913087
ASV44_B,ASV44_B,,,3,4,0.386894,0.411324,1124.847766
ASV440_B,ASV440_B,,,1,3,0.40551,0.431898,1332.906026
ASV441_B,ASV441_B,,,1,4,0.356169,0.370175,132.364994
ASV443_B,ASV443_B,,,7,3,0.401769,0.427751,1247.687632
ASV444_B,ASV444_B,,,1,4,0.396886,0.421212,868.270669
ASV445_B,ASV445_B,,,3,4,0.360345,0.376555,239.872904
ASV447_B,ASV447_B,,,0,4,0.381944,0.404226,727.579855
ASV448_B,ASV448_B,,,3,3,0.390508,0.415152,837.9542
ASV450_B,ASV450_B,,,4,3,0.406615,0.433333,1364.115603
ASV452_B,ASV452_B,,,0,3,0.395234,0.420255,1101.014206
ASV454_B,ASV454_B,,,1,4,0.374686,0.394896,473.680581
ASV455_B,ASV455_B,,,0,4,0.405196,0.432297,1430.661684
ASV456_B,ASV456_B,,,2,4,0.387899,0.41236,855.694972
ASV458_B,ASV458_B,,,6,4,0.396434,0.421292,1104.045688
ASV459_B,ASV459_B,,,3,3,0.393449,0.41866,1253.52169
ASV46_B,ASV46_B,,,1,3,0.397036,0.42185,1138.219924
ASV460_B,ASV460_B,,,2,4,0.371622,0.390829,392.130625
ASV461_B,ASV461_B,,,3,4,0.395534,0.420335,992.300218
ASV463_B,ASV463_B,,,2,4,0.400383,0.425758,1117.822962
ASV464_B,ASV464_B,,,2,4,0.378623,0.39992,601.600429
ASV465_B,ASV465_B,,,6,4,0.356655,0.37193,205.988373
ASV466_B,ASV466_B,,,4,3,0.393005,0.416587,756.03592
ASV469_B,ASV469_B,,,2,4,0.393449,0.418102,828.445881
ASV47_B,ASV47_B,,,1,3,0.392415,0.416906,1004.136476
ASV470_B,ASV470_B,,,4,3,0.404412,0.430781,1236.176359
ASV471_B,ASV471_B,,,7,4,0.384474,0.407018,675.110967
ASV473_B,ASV473_B,,,1,4,0.371094,0.389633,344.993202
ASV474_B,ASV474_B,,,5,3,0.389344,0.413876,1017.35848
ASV475_B,ASV475_B,,,2,4,0.373214,0.392743,562.99677
ASV476_B,ASV476_B,,,0,3,0.385751,0.408293,645.852286
ASV477_B,ASV477_B,,,2,4,0.37083,0.389474,364.123607
ASV478_B,ASV478_B,,,1,3,0.397338,0.422169,929.439434
ASV48_B,ASV48_B,,,0,4,0.369388,0.388676,436.260237
ASV480_B,ASV480_B,,,1,4,0.38978,0.413716,750.131222
ASV483_B,ASV483_B,,,1,4,0.383768,0.405502,598.813519
ASV486_B,ASV486_B,,,4,4,0.39434,0.41874,951.24558
ASV487_B,ASV487_B,,,1,4,0.394936,0.420016,1110.184862
ASV488_B,ASV488_B,,,5,4,0.371754,0.392424,650.15437
ASV489_B,ASV489_B,,,4,3,0.398399,0.423923,1433.288421
ASV49_B,ASV49_B,,,0,4,0.400383,0.426715,1391.612095
ASV492_B,ASV492_B,,,0,3,0.409322,0.436364,1448.264284
ASV493_B,ASV493_B,,,0,4,0.383768,0.406619,650.805407
ASV495_B,ASV495_B,,,0,4,0.399923,0.425279,1018.521766
ASV497_B,ASV497_B,,,3,4,0.381109,0.404785,791.260308
ASV499_B,ASV499_B,,,0,4,0.38405,0.406619,652.244428
ASV5_B,ASV5_B,,,3,3,0.386322,0.40925,733.27448
ASV50_B,ASV50_B,,,0,4,0.398095,0.424402,1271.228826
ASV500_B,ASV500_B,,,1,4,0.383065,0.404705,606.719268
ASV501_B,ASV501_B,,,2,3,0.382924,0.405423,729.854958
ASV503_B,ASV503_B,,,0,4,0.38,0.401675,613.1821
ASV504_B,ASV504_B,,,0,4,0.398247,0.424242,1168.554161
ASV506_B,ASV506_B,,,0,4,0.38978,0.412839,681.017016
ASV509_B,ASV509_B,,,0,4,0.384332,0.408054,688.199228
ASV51_B,ASV51_B,,,3,3,0.392415,0.417225,1033.618205
ASV510_B,ASV510_B,,,5,4,0.387324,0.412121,1121.153867
ASV511_B,ASV511_B,,,7,4,0.385894,0.409968,952.745511
ASV513_B,ASV513_B,,,1,4,0.377802,0.399043,553.806653
ASV515_B,ASV515_B,,,7,4,0.399465,0.426475,1413.737656
ASV516_B,ASV516_B,,,0,4,0.39271,0.417145,842.647264
ASV517_B,ASV517_B,,,1,4,0.385182,0.408692,789.608025
ASV518_B,ASV518_B,,,6,4,0.383627,0.406061,624.220565
ASV519_B,ASV519_B,,,0,4,0.388187,0.411085,839.129904
ASV52_B,ASV52_B,,,3,4,0.385751,0.409171,692.419479
ASV521_B,ASV521_B,,,4,3,0.400998,0.426954,1219.252413
ASV523_B,ASV523_B,,,1,3,0.405668,0.432057,1397.976684
ASV525_B,ASV525_B,,,5,4,0.385324,0.408214,877.343082
ASV526_B,ASV526_B,,,6,3,0.378898,0.399841,549.409054
ASV527_B,ASV527_B,,,0,3,0.403943,0.430941,1433.315355
ASV528_B,ASV528_B,,,1,4,0.389489,0.41252,688.65813
ASV529_B,ASV529_B,,,1,3,0.394787,0.419458,967.157045
ASV532_B,ASV532_B,,,1,4,0.380138,0.401834,728.121975
ASV533_B,ASV533_B,,,1,4,0.374955,0.395534,486.116667
ASV536_B,ASV536_B,,,0,4,0.395983,0.420494,1001.645622
ASV537_B,ASV537_B,,,5,4,0.378898,0.39992,574.995593
ASV538_B,ASV538_B,,,2,3,0.392562,0.416427,843.94955
ASV539_B,ASV539_B,,,5,3,0.381526,0.403509,866.653935
ASV54_B,ASV54_B,,,6,3,0.401923,0.427273,1281.888236
ASV540_B,ASV540_B,,,1,4,0.391386,0.41563,844.223851
ASV541_B,ASV541_B,,,7,4,0.382364,0.404625,682.204855
ASV542_B,ASV542_B,,,2,3,0.389925,0.414195,1054.088476
ASV543_B,ASV543_B,,,5,4,0.389199,0.413158,873.943649
ASV544_B,ASV544_B,,,0,4,0.387324,0.410925,782.894702
ASV546_B,ASV546_B,,,5,3,0.392562,0.417065,1016.086703
ASV547_B,ASV547_B,,,1,4,0.393005,0.418262,1107.948929
ASV548_B,ASV548_B,,,0,4,0.377256,0.398963,519.109778
ASV549_B,ASV549_B,,,6,4,0.358245,0.373525,212.211143
ASV55_B,ASV55_B,,,0,4,0.395384,0.421212,1135.93954
ASV550_B,ASV550_B,,,1,4,0.381526,0.404545,765.54115
ASV551_B,ASV551_B,,,5,4,0.381805,0.404545,942.970158
ASV552_B,ASV552_B,,,0,4,0.394787,0.420175,961.706238
ASV553_B,ASV553_B,,,5,4,0.37149,0.390431,398.90217
ASV554_B,ASV554_B,,,7,4,0.393894,0.418581,959.96504
ASV555_B,ASV555_B,,,2,4,0.376305,0.397448,511.443227
ASV556_B,ASV556_B,,,3,4,0.387755,0.410766,676.948494
ASV558_B,ASV558_B,,,2,4,0.383768,0.405502,554.694687
ASV559_B,ASV559_B,,,7,3,0.40551,0.432217,1422.713115
ASV56_B,ASV56_B,,,2,4,0.382504,0.405821,702.569755
ASV560_B,ASV560_B,,,4,3,0.395234,0.419617,836.424619
ASV561_B,ASV561_B,,,3,4,0.381248,0.403828,696.751387
ASV562_B,ASV562_B,,,1,4,0.385751,0.408453,623.770126
ASV563_B,ASV563_B,,,3,4,0.384899,0.408373,873.292299
ASV564_B,ASV564_B,,,5,4,0.376577,0.398565,871.533592
ASV565_B,ASV565_B,,,4,3,0.402078,0.42807,1141.52181
ASV568_B,ASV568_B,,,6,4,0.39749,0.423445,1173.381515
ASV569_B,ASV569_B,,,1,4,0.388187,0.411962,800.092939
ASV57_B,ASV57_B,,,5,4,0.379035,0.400239,812.31264
ASV570_B,ASV570_B,,,2,4,0.397187,0.422408,1146.684206
ASV571_B,ASV571_B,,,0,4,0.384757,0.407815,626.175203
ASV572_B,ASV572_B,,,3,4,0.386322,0.410526,909.786266
ASV573_B,ASV573_B,,,6,4,0.392562,0.417225,1031.103291
ASV575_B,ASV575_B,,,0,4,0.384332,0.406858,570.185061
ASV576_B,ASV576_B,,,5,3,0.385751,0.407656,635.69251
ASV577_B,ASV577_B,,,0,4,0.393005,0.417145,858.302348
ASV578_B,ASV578_B,,,2,4,0.355321,0.370096,218.347834
ASV58_B,ASV58_B,,,0,3,0.390654,0.415311,898.345763
ASV580_B,ASV580_B,,,2,4,0.36641,0.383971,389.544141
ASV583_B,ASV583_B,,,2,3,0.394637,0.419936,1161.29307
ASV587_B,ASV587_B,,,1,4,0.390654,0.41555,869.189868
ASV589_B,ASV589_B,,,4,3,0.394787,0.419139,859.212066
ASV59_B,ASV59_B,,,2,4,0.374955,0.396013,514.003395
ASV590_B,ASV590_B,,,1,4,0.381526,0.402951,512.717845
ASV593_B,ASV593_B,,,5,4,0.388331,0.411244,706.072119
ASV594_B,ASV594_B,,,5,4,0.386036,0.409968,1046.303936
ASV595_B,ASV595_B,,,1,4,0.397641,0.423206,1078.142625
ASV597_B,ASV597_B,,,4,4,0.382364,0.404306,564.015944
ASV598_B,ASV598_B,,,0,4,0.387755,0.412759,982.998001
ASV599_B,ASV599_B,,,7,4,0.393153,0.417783,842.687057
ASV6_B,ASV6_B,,,4,4,0.37415,0.394498,635.038701
ASV60_B,ASV60_B,,,3,4,0.375359,0.396093,639.913145
ASV600_B,ASV600_B,,,2,4,0.385041,0.407974,658.193486
ASV601_B,ASV601_B,,,5,4,0.365768,0.383413,419.256578
ASV602_B,ASV602_B,,,7,3,0.398551,0.423764,1182.680298
ASV603_B,ASV603_B,,,3,4,0.387037,0.410845,905.929942
ASV605_B,ASV605_B,,,7,4,0.401306,0.427352,1194.128455
ASV609_B,ASV609_B,,,7,3,0.39212,0.41563,786.002329
ASV61_B,ASV61_B,,,0,4,0.386179,0.410367,888.888936
ASV611_B,ASV611_B,,,6,4,0.395234,0.420654,966.276168
ASV612_B,ASV612_B,,,3,4,0.385467,0.40949,1016.271221
ASV613_B,ASV613_B,,,3,4,0.381665,0.404466,765.482875
ASV614_B,ASV614_B,,,2,4,0.368347,0.3874,444.977228
ASV615_B,ASV615_B,,,0,4,0.378486,0.401356,726.585672
ASV617_B,ASV617_B,,,3,4,0.382924,0.4063,824.860934
ASV619_B,ASV619_B,,,2,4,0.372815,0.393062,436.593547
ASV620_B,ASV620_B,,,0,3,0.416003,0.443222,1594.373192
ASV621_B,ASV621_B,,,1,4,0.38718,0.410845,726.300475
ASV624_B,ASV624_B,,,0,4,0.383486,0.406858,733.626401
ASV625_B,ASV625_B,,,5,4,0.371226,0.390351,540.05695
ASV628_B,ASV628_B,,,1,3,0.398855,0.424083,1008.482463
ASV629_B,ASV629_B,,,5,4,0.377665,0.398884,677.597735
ASV63_B,ASV63_B,,,0,3,0.396584,0.421691,1077.529055
ASV632_B,ASV632_B,,,0,4,0.404568,0.43134,1400.754105
ASV633_B,ASV633_B,,,0,4,0.383205,0.405024,667.021684
ASV634_B,ASV634_B,,,1,4,0.374686,0.394976,496.592761
ASV635_B,ASV635_B,,,2,4,0.383768,0.4063,744.485649
ASV636_B,ASV636_B,,,5,4,0.39977,0.425758,1461.517693
ASV638_B,ASV638_B,,,0,4,0.386036,0.408692,827.258719
ASV639_B,ASV639_B,,,3,3,0.392267,0.417065,1104.394911
ASV64_B,ASV64_B,,,3,4,0.384899,0.408134,827.932887
ASV644_B,ASV644_B,,,3,3,0.389925,0.413876,951.927348
ASV646_B,ASV646_B,,,5,4,0.386179,0.409809,936.234777
ASV648_B,ASV648_B,,,5,4,0.372549,0.393381,691.59549
ASV649_B,ASV649_B,,,2,4,0.358122,0.373046,172.924111
ASV65_B,ASV65_B,,,2,4,0.37712,0.398884,581.397159
ASV651_B,ASV651_B,,,3,4,0.38718,0.410686,768.2968
ASV653_B,ASV653_B,,,0,4,0.386464,0.40933,708.745936
ASV654_B,ASV654_B,,,3,4,0.383346,0.40614,747.723968
ASV656_B,ASV656_B,,,7,4,0.395085,0.421451,1282.955213
ASV657_B,ASV657_B,,,1,4,0.383065,0.405662,650.277161
ASV659_B,ASV659_B,,,5,4,0.366538,0.38453,367.207771
ASV66_B,ASV66_B,,,3,4,0.390508,0.414673,879.591421
ASV663_B,ASV663_B,,,1,3,0.409965,0.437002,1433.168574
ASV664_B,ASV664_B,,,1,4,0.396886,0.422089,1033.295553
ASV668_B,ASV668_B,,,1,4,0.387324,0.410845,973.959324
ASV674_B,ASV674_B,,,6,4,0.381387,0.404386,874.54661
ASV679_B,ASV679_B,,,5,3,0.382644,0.404785,695.092585
ASV68_B,ASV68_B,,,0,3,0.395384,0.420734,1293.16833
ASV681_B,ASV681_B,,,2,4,0.376984,0.398086,649.166319
ASV682_B,ASV682_B,,,1,4,0.38862,0.412281,947.307548
ASV684_B,ASV684_B,,,0,4,0.395534,0.420574,833.426725
ASV685_B,ASV685_B,,,6,4,0.386464,0.409729,687.69365
ASV686_B,ASV686_B,,,0,4,0.368607,0.387879,506.926161
ASV687_B,ASV687_B,,,3,4,0.376984,0.397687,514.536949
ASV689_B,ASV689_B,,,0,4,0.367958,0.386124,278.036973
ASV692_B,ASV692_B,,,5,4,0.376712,0.398804,761.494368
ASV694_B,ASV694_B,,,4,3,0.394787,0.420096,1427.237424
ASV695_B,ASV695_B,,,3,3,0.396284,0.421691,1173.577339
ASV697_B,ASV697_B,,,1,4,0.374552,0.394338,452.9113
ASV698_B,ASV698_B,,,2,4,0.375629,0.396332,527.030861
ASV699_B,ASV699_B,,,1,4,0.381248,0.403748,702.937299
ASV7_B,ASV7_B,,,0,4,0.400537,0.427193,1381.921933
ASV70_B,ASV70_B,,,2,4,0.385467,0.409091,896.767024
ASV700_B,ASV700_B,,,5,4,0.378349,0.398724,585.839255
ASV701_B,ASV701_B,,,2,3,0.380277,0.401754,725.870601
ASV702_B,ASV702_B,,,2,4,0.386751,0.410606,738.580779
ASV703_B,ASV703_B,,,5,4,0.376035,0.396252,655.3873
ASV704_B,ASV704_B,,,2,4,0.377256,0.398166,589.612354
ASV705_B,ASV705_B,,,0,3,0.395683,0.420096,946.965825
ASV708_B,ASV708_B,,,7,4,0.402078,0.428469,1444.224678
ASV710_B,ASV710_B,,,2,4,0.386894,0.411085,1068.275926
ASV712_B,ASV712_B,,,1,4,0.395983,0.421212,1034.679168
ASV713_B,ASV713_B,,,0,3,0.413698,0.441308,1762.784266
ASV714_B,ASV714_B,,,5,4,0.379448,0.401595,889.136904
ASV718_B,ASV718_B,,,5,4,0.391679,0.416906,1160.345049
ASV719_B,ASV719_B,,,3,4,0.383486,0.405901,793.610758
ASV72_B,ASV72_B,,,2,4,0.398399,0.425279,1288.558009
ASV720_B,ASV720_B,,,3,3,0.382224,0.403987,652.226111
ASV721_B,ASV721_B,,,2,4,0.370436,0.389314,521.783162
ASV722_B,ASV722_B,,,2,4,0.385041,0.40949,921.417019
ASV724_B,ASV724_B,,,1,4,0.38891,0.412759,861.231782
ASV726_B,ASV726_B,,,5,4,0.388476,0.412041,915.258531
ASV728_B,ASV728_B,,,4,4,0.377256,0.398246,516.173429
ASV73_B,ASV73_B,,,1,3,0.399923,0.425518,1210.228188
ASV732_B,ASV732_B,,,1,4,0.390217,0.414274,1050.519102
ASV733_B,ASV733_B,,,0,4,0.387755,0.411563,853.544372
ASV734_B,ASV734_B,,,2,4,0.387468,0.410925,712.192565
ASV736_B,ASV736_B,,,4,4,0.37415,0.393541,521.130667
ASV737_B,ASV737_B,,,4,4,0.380277,0.402153,682.049043
ASV738_B,ASV738_B,,,0,4,0.37876,0.402233,759.302338
ASV74_B,ASV74_B,,,3,4,0.375224,0.395455,504.69724
ASV740_B,ASV740_B,,,5,3,0.393301,0.418501,1117.429484
ASV743_B,ASV743_B,,,7,4,0.372815,0.391547,374.186915
ASV744_B,ASV744_B,,,4,3,0.379724,0.401754,695.444261
ASV746_B,ASV746_B,,,5,4,0.381665,0.403907,890.146654
ASV747_B,ASV747_B,,,7,4,0.389635,0.412998,802.705018
ASV749_B,ASV749_B,,,0,4,0.384615,0.407496,675.878167
ASV750_B,ASV750_B,,,7,4,0.391826,0.416348,795.299533
ASV751_B,ASV751_B,,,7,3,0.398703,0.423923,1033.384269
ASV752_B,ASV752_B,,,5,3,0.394488,0.419777,1082.411499
ASV754_B,ASV754_B,,,1,4,0.385467,0.408214,780.065511
ASV756_B,ASV756_B,,,0,3,0.39271,0.417225,1068.817801
ASV757_B,ASV757_B,,,5,3,0.389344,0.413557,1025.864795
ASV760_B,ASV760_B,,,7,4,0.377802,0.398804,523.758302
ASV762_B,ASV762_B,,,1,3,0.391386,0.41547,870.117192
ASV763_B,ASV763_B,,,2,4,0.367311,0.385008,350.374574
ASV766_B,ASV766_B,,,1,3,0.391093,0.414833,838.224141
ASV77_B,ASV77_B,,,3,4,0.379035,0.400877,638.714999
ASV770_B,ASV770_B,,,1,4,0.394488,0.420255,1412.709282
ASV772_B,ASV772_B,,,1,4,0.382644,0.404625,720.10372
ASV773_B,ASV773_B,,,5,3,0.411255,0.438915,1843.931767
ASV774_B,ASV774_B,,,1,4,0.381526,0.404705,721.901766
ASV775_B,ASV775_B,,,1,4,0.397036,0.423206,1183.329907
ASV776_B,ASV776_B,,,6,4,0.37509,0.394976,508.557553
ASV777_B,ASV777_B,,,4,4,0.377393,0.397847,483.795532
ASV778_B,ASV778_B,,,6,4,0.37617,0.39689,647.7475
ASV779_B,ASV779_B,,,2,4,0.383346,0.405662,702.21093
ASV78_B,ASV78_B,,,0,4,0.392415,0.417703,1232.634571
ASV781_B,ASV781_B,,,5,4,0.378349,0.399601,540.547061
ASV783_B,ASV783_B,,,4,3,0.393301,0.418182,1107.797613
ASV785_B,ASV785_B,,,7,4,0.370436,0.389793,461.79309
ASV786_B,ASV786_B,,,2,4,0.391386,0.415869,927.303189
ASV787_B,ASV787_B,,,2,4,0.378623,0.400319,758.727135
ASV788_B,ASV788_B,,,6,4,0.359477,0.37504,259.765237
ASV789_B,ASV789_B,,,2,4,0.390654,0.415072,1029.47014
ASV79_B,ASV79_B,,,3,4,0.389054,0.412998,848.248343
ASV793_B,ASV793_B,,,0,4,0.361717,0.379107,231.128547
ASV798_B,ASV798_B,,,1,3,0.392857,0.417384,896.295254
ASV8_B,ASV8_B,,,3,4,0.383486,0.407177,756.738533
ASV80_B,ASV80_B,,,0,3,0.387468,0.411483,1003.307472
ASV800_B,ASV800_B,,,4,4,0.357143,0.37201,229.847741
ASV801_B,ASV801_B,,,1,4,0.393005,0.417305,837.170934
ASV802_B,ASV802_B,,,7,4,0.396434,0.422568,1356.320621
ASV804_B,ASV804_B,,,0,3,0.403943,0.429984,1130.871136
ASV806_B,ASV806_B,,,2,4,0.383627,0.405662,736.718604
ASV809_B,ASV809_B,,,3,4,0.377665,0.398884,620.087064
ASV810_B,ASV810_B,,,3,4,0.376577,0.397368,530.6158
ASV811_B,ASV811_B,,,5,4,0.381665,0.404067,741.837165
ASV817_B,ASV817_B,,,1,4,0.387037,0.411404,980.151534
ASV818_B,ASV818_B,,,3,4,0.375899,0.397289,637.5093
ASV819_B,ASV819_B,,,4,4,0.387468,0.410845,783.204545
ASV820_B,ASV820_B,,,2,4,0.376848,0.397687,572.964404
ASV821_B,ASV821_B,,,3,3,0.386036,0.40925,875.934524
ASV822_B,ASV822_B,,,2,4,0.381665,0.403987,539.569281
ASV826_B,ASV826_B,,,0,3,0.414847,0.442105,1671.992796
ASV828_B,ASV828_B,,,0,4,0.380554,0.402552,705.386368
ASV829_B,ASV829_B,,,0,3,0.393449,0.417384,883.046958
ASV830_B,ASV830_B,,,6,4,0.362093,0.377751,271.815082
ASV831_B,ASV831_B,,,2,4,0.372948,0.392743,640.255759
ASV832_B,ASV832_B,,,2,4,0.373882,0.393381,501.441428
ASV833_B,ASV833_B,,,3,4,0.394488,0.419298,1025.85894
ASV834_B,ASV834_B,,,4,3,0.389054,0.411962,671.787389
ASV835_B,ASV835_B,,,4,3,0.387324,0.410686,715.695982
ASV838_B,ASV838_B,,,4,3,0.391093,0.414833,921.044848
ASV839_B,ASV839_B,,,5,3,0.392267,0.416108,888.484876
ASV84_B,ASV84_B,,,0,4,0.377802,0.398485,473.232592
ASV840_B,ASV840_B,,,0,4,0.377802,0.399043,528.85221
ASV844_B,ASV844_B,,,3,4,0.391679,0.416587,935.262889
ASV845_B,ASV845_B,,,0,4,0.381109,0.403668,701.93826
ASV848_B,ASV848_B,,,3,4,0.386607,0.410367,913.118727
ASV849_B,ASV849_B,,,5,4,0.377529,0.399123,772.179086
ASV85_B,ASV85_B,,,3,4,0.375764,0.396651,504.342453
ASV850_B,ASV850_B,,,3,3,0.387324,0.410367,724.820478
ASV851_B,ASV851_B,,,1,4,0.368087,0.387321,376.164177
ASV852_B,ASV852_B,,,3,4,0.379724,0.401595,490.793988
ASV853_B,ASV853_B,,,0,4,0.380554,0.404067,747.389283
ASV855_B,ASV855_B,,,2,3,0.396886,0.422648,1422.555413
ASV856_B,ASV856_B,,,3,4,0.384757,0.408692,914.168962
ASV857_B,ASV857_B,,,0,4,0.376577,0.397209,499.988278
ASV858_B,ASV858_B,,,5,4,0.366281,0.384769,383.387835
ASV859_B,ASV859_B,,,4,3,0.399923,0.426475,1548.161883
ASV86_B,ASV86_B,,,3,4,0.38097,0.402871,524.839708
ASV860_B,ASV860_B,,,0,4,0.384474,0.407097,670.067429
ASV862_B,ASV862_B,,,7,4,0.376848,0.397209,499.288281
ASV865_B,ASV865_B,,,1,4,0.387899,0.411722,831.639381
ASV866_B,ASV866_B,,,5,4,0.370174,0.390032,393.007611
ASV867_B,ASV867_B,,,5,4,0.376305,0.396651,543.214945
ASV869_B,ASV869_B,,,2,4,0.374552,0.394817,539.261027
ASV871_B,ASV871_B,,,5,4,0.367053,0.385247,446.470598
ASV872_B,ASV872_B,,,0,4,0.362973,0.379426,241.873642
ASV879_B,ASV879_B,,,2,3,0.384899,0.408293,919.468308
ASV88_B,ASV88_B,,,2,3,0.396886,0.422329,1231.188869
ASV882_B,ASV882_B,,,1,4,0.380415,0.402791,627.011073
ASV883_B,ASV883_B,,,1,4,0.389054,0.412998,838.048268
ASV884_B,ASV884_B,,,6,3,0.381387,0.403668,888.051459
ASV887_B,ASV887_B,,,2,3,0.374284,0.39378,514.004945
ASV89_B,ASV89_B,,,2,3,0.391386,0.415789,1004.298865
ASV890_B,ASV890_B,,,0,4,0.377256,0.398086,489.204248
ASV893_B,ASV893_B,,,0,4,0.382784,0.405582,763.813114
ASV895_B,ASV895_B,,,5,3,0.392267,0.417384,1027.342195
ASV896_B,ASV896_B,,,2,4,0.380277,0.401595,585.33779
ASV897_B,ASV897_B,,,0,4,0.379448,0.400558,595.304263
ASV899_B,ASV899_B,,,1,4,0.383205,0.405901,667.788548
ASV9_B,ASV9_B,,,5,4,0.384615,0.407416,823.073518
ASV90_B,ASV90_B,,,4,3,0.397944,0.423445,1251.711554
ASV904_B,ASV904_B,,,0,4,0.380692,0.402791,725.779067
ASV908_B,ASV908_B,,,3,4,0.380692,0.402711,783.823166
ASV909_B,ASV909_B,,,3,4,0.37415,0.394418,423.746915
ASV91_B,ASV91_B,,,0,3,0.399312,0.42488,1241.264068
ASV911_B,ASV911_B,,,2,4,0.387899,0.412041,1075.596713
ASV912_B,ASV912_B,,,1,4,0.390508,0.414912,813.9785
ASV913_B,ASV913_B,,,1,4,0.383627,0.405901,628.396722
ASV914_B,ASV914_B,,,5,3,0.392267,0.416746,926.317627
ASV915_B,ASV915_B,,,2,4,0.370699,0.389394,384.944304
ASV917_B,ASV917_B,,,0,4,0.383627,0.407018,819.500116
ASV918_B,ASV918_B,,,2,4,0.359848,0.375917,287.340394
ASV92_B,ASV92_B,,,3,4,0.388043,0.411244,755.7279
ASV921_B,ASV921_B,,,4,3,0.397036,0.42185,949.771957
ASV923_B,ASV923_B,,,4,3,0.393597,0.419139,1096.698265
ASV924_B,ASV924_B,,,2,4,0.364493,0.381659,310.172558
ASV925_B,ASV925_B,,,4,3,0.395833,0.420574,905.859885
ASV927_B,ASV927_B,,,5,4,0.367053,0.385407,334.725772
ASV928_B,ASV928_B,,,0,4,0.377665,0.398884,483.245698
ASV929_B,ASV929_B,,,2,4,0.371357,0.389872,313.519438
ASV93_B,ASV93_B,,,5,4,0.374016,0.393301,447.229169
ASV931_B,ASV931_B,,,5,4,0.371226,0.39067,491.532255
ASV936_B,ASV936_B,,,5,4,0.386751,0.40949,868.157768
ASV940_B,ASV940_B,,,5,4,0.390362,0.414514,955.32464
ASV942_B,ASV942_B,,,7,3,0.390071,0.414035,1003.663309
ASV95_B,ASV95_B,,,3,3,0.390508,0.414833,901.684947
ASV950_B,ASV950_B,,,3,4,0.379035,0.400638,566.772069
ASV951_B,ASV951_B,,,5,4,0.357632,0.373844,329.513125
ASV954_B,ASV954_B,,,7,3,0.388476,0.411643,749.41959
ASV955_B,ASV955_B,,,7,3,0.399618,0.425837,1367.4804
ASV958_B,ASV958_B,,,5,4,0.377939,0.399203,805.50438
ASV959_B,ASV959_B,,,5,4,0.342511,0.356619,212.092144
ASV96_B,ASV96_B,,,3,4,0.372416,0.391866,405.085437
ASV966_B,ASV966_B,,,0,4,0.386751,0.411085,1018.969653
ASV969_B,ASV969_B,,,0,4,0.372416,0.392344,442.019901
ASV97_B,ASV97_B,,,7,3,0.395683,0.420096,954.766349
ASV970_B,ASV970_B,,,2,3,0.390071,0.414035,877.70132
ASV977_B,ASV977_B,,,2,4,0.364493,0.382695,559.8964
ASV98_B,ASV98_B,,,0,3,0.39977,0.425678,1344.719156
ASV99_B,ASV99_B,,,5,3,0.384332,0.406699,795.905586
ASV993_B,ASV993_B,,,0,3,0.40069,0.426954,1479.822451
ASV994_B,ASV994_B,,,5,3,0.392857,0.417065,1071.313755
ASV_1_A,ASV_1_A,,4,2,3,0.385894,0.407815,584.282803
ASV_10_A,ASV_10_A,,4,2,3,0.398399,0.424561,1309.685023
ASV_100_A,ASV_100_A,,4,0,4,0.370699,0.388676,342.99088
ASV_101_A,ASV_101_A,,4,4,3,0.395085,0.421053,1077.155218
ASV_102_A,ASV_102_A,,4,0,3,0.416667,0.444498,1819.097632
ASV_104_A,ASV_104_A,,4,0,4,0.404099,0.431818,1916.467608
ASV_105_A,ASV_105_A,,4,0,4,0.393449,0.41866,1011.862417
ASV_107_A,ASV_107_A,,4,1,3,0.398095,0.423604,1445.131467
ASV_108_A,ASV_108_A,,4,1,3,0.402853,0.429506,1373.714877
ASV_11_A,ASV_11_A,,4,3,4,0.387324,0.411244,823.734647
ASV_111_A,ASV_111_A,,4,1,3,0.393894,0.418182,964.924873
ASV_114_A,ASV_114_A,,4,0,4,0.393894,0.418581,1144.11235
ASV_119_A,ASV_119_A,,4,0,4,0.393153,0.417464,830.343796
ASV_12_A,ASV_12_A,,4,2,4,0.387324,0.411802,1051.283104
ASV_120_A,ASV_120_A,,4,0,4,0.377256,0.397687,625.689103
ASV_121_A,ASV_121_A,,4,2,4,0.372682,0.392823,566.857072
ASV_125_A,ASV_125_A,,4,5,4,0.377665,0.398804,952.919015
ASV_126_A,ASV_126_A,,4,7,4,0.387324,0.410128,714.229556
ASV_127_A,ASV_127_A,,4,5,3,0.389635,0.412919,759.363361
ASV_13_A,ASV_13_A,,4,2,3,0.400998,0.426954,1296.148272
ASV_131_A,ASV_131_A,,4,5,3,0.384191,0.40622,739.393006
ASV_132_A,ASV_132_A,,4,0,3,0.380831,0.402711,584.096151
ASV_133_A,ASV_133_A,,4,5,3,0.375494,0.395853,672.88673
ASV_138_A,ASV_138_A,,4,5,4,0.38097,0.403589,833.361088
ASV_139_A,ASV_139_A,,4,0,4,0.387324,0.411404,838.837068
ASV_14_A,ASV_14_A,,4,3,4,0.372948,0.392105,422.903424
ASV_140_A,ASV_140_A,,4,5,4,0.373081,0.392185,528.984528
ASV_141_A,ASV_141_A,,4,6,4,0.389344,0.412679,781.772363
ASV_142_A,ASV_142_A,,4,4,4,0.380831,0.401834,554.564301
ASV_146_A,ASV_146_A,,4,6,4,0.391093,0.41555,927.919361
ASV_148_A,ASV_148_A,,4,5,4,0.348333,0.361722,131.056388
ASV_15_A,ASV_15_A,,4,5,3,0.400844,0.427751,1707.540532
ASV_150_A,ASV_150_A,,4,3,4,0.395833,0.421451,1131.366178
ASV_151_A,ASV_151_A,,4,6,4,0.394936,0.420335,895.549038
ASV_154_A,ASV_154_A,,4,4,4,0.370436,0.389553,529.284034
ASV_155_A,ASV_155_A,,4,5,3,0.383909,0.405582,724.523061
ASV_159_A,ASV_159_A,,4,6,3,0.388765,0.4126,1128.986102
ASV_16_A,ASV_16_A,,4,1,4,0.37083,0.389553,478.786443
ASV_161_A,ASV_161_A,,4,5,4,0.373882,0.39378,566.90584
ASV_167_A,ASV_167_A,,4,0,4,0.379448,0.401116,565.647766
ASV_169_A,ASV_169_A,,4,0,4,0.376712,0.397289,524.700607
ASV_17_A,ASV_17_A,,4,1,4,0.398247,0.423525,1170.882425
ASV_171_A,ASV_171_A,,4,1,4,0.383627,0.405901,598.432587
ASV_173_A,ASV_173_A,,4,2,3,0.386894,0.409888,914.090178
ASV_178_A,ASV_178_A,,4,4,4,0.383909,0.407337,1135.70838
ASV_179_A,ASV_179_A,,4,5,4,0.375224,0.395534,423.924756
ASV_18_A,ASV_18_A,,4,6,3,0.405825,0.431898,1155.597356
ASV_180_A,ASV_180_A,,4,5,4,0.385751,0.408373,741.754894
ASV_182_A,ASV_182_A,,4,2,4,0.385467,0.409729,1004.188105
ASV_185_A,ASV_185_A,,4,2,3,0.398551,0.423445,1012.319977
ASV_186_A,ASV_186_A,,4,0,4,0.385609,0.408214,701.241022
ASV_187_A,ASV_187_A,,4,0,4,0.376441,0.397528,661.500204
ASV_188_A,ASV_188_A,,4,0,4,0.379862,0.402552,701.13876
ASV_189_A,ASV_189_A,,4,5,3,0.382084,0.404466,1065.544534
ASV_19_A,ASV_19_A,,4,2,3,0.393005,0.416906,853.235735
ASV_190_A,ASV_190_A,,4,5,4,0.354959,0.37201,450.435444
ASV_195_A,ASV_195_A,,4,0,4,0.352564,0.367065,143.436227
ASV_196_A,ASV_196_A,,4,1,4,0.370962,0.390431,379.277357
ASV_197_A,ASV_197_A,,4,0,4,0.373081,0.393301,646.485242
ASV_199_A,ASV_199_A,,4,5,4,0.359972,0.37823,468.811705
ASV_2_A,ASV_2_A,,4,4,3,0.398703,0.423604,1194.89405
ASV_203_A,ASV_203_A,,4,2,4,0.393301,0.417943,1049.936704
ASV_204_A,ASV_204_A,,4,0,4,0.375899,0.39689,592.281833
ASV_207_A,ASV_207_A,,4,2,4,0.385467,0.408134,720.462676
ASV_208_A,ASV_208_A,,4,4,4,0.404882,0.431978,1669.934244
ASV_21_A,ASV_21_A,,4,2,4,0.373214,0.392663,401.03162
ASV_210_A,ASV_210_A,,4,0,4,0.383065,0.406699,745.959301
ASV_22_A,ASV_22_A,,4,0,3,0.405353,0.431738,1459.677425
ASV_223_A,ASV_223_A,,4,0,4,0.382924,0.404944,635.204356
ASV_23_A,ASV_23_A,,4,5,3,0.395085,0.419777,1107.214951
ASV_231_A,ASV_231_A,,4,5,4,0.343976,0.358054,184.942571
ASV_235_A,ASV_235_A,,4,1,4,0.371886,0.391069,332.197025
ASV_24_A,ASV_24_A,,4,3,4,0.375359,0.395215,491.590746
ASV_25_A,ASV_25_A,,4,3,3,0.407566,0.434609,1712.980914
ASV_251_A,ASV_251_A,,4,5,3,0.390362,0.414673,1055.074696
ASV_26_A,ASV_26_A,,4,4,4,0.375494,0.396172,759.245237
ASV_27_A,ASV_27_A,,4,2,4,0.377802,0.398804,517.732033
ASV_274_A,ASV_274_A,,4,5,4,0.382224,0.405423,1117.351019
ASV_28_A,ASV_28_A,,4,5,3,0.388765,0.411643,717.336641
ASV_29_A,ASV_29_A,,4,2,4,0.365385,0.383413,311.642747
ASV_3_A,ASV_3_A,,4,3,4,0.385041,0.408533,754.823716
ASV_30_A,ASV_30_A,,4,1,4,0.395983,0.421292,1093.09313
ASV_32_A,ASV_32_A,,4,2,4,0.365768,0.383493,363.159567
ASV_33_A,ASV_33_A,,4,5,3,0.39434,0.419298,1270.449303
ASV_35_A,ASV_35_A,,4,6,4,0.389489,0.413477,811.044305
ASV_37_A,ASV_37_A,,4,5,3,0.40069,0.426316,1196.810914
ASV_39_A,ASV_39_A,,4,3,4,0.371622,0.391069,379.603193
ASV_4_A,ASV_4_A,,4,0,4,0.373348,0.392823,368.15349
ASV_40_A,ASV_40_A,,4,2,4,0.374686,0.394498,479.362784
ASV_41_A,ASV_41_A,,4,1,3,0.398399,0.423923,1253.84401
ASV_42_A,ASV_42_A,,4,2,3,0.398095,0.423604,1394.167694
ASV_43_A,ASV_43_A,,4,2,4,0.381944,0.403748,615.779321
ASV_45_A,ASV_45_A,,4,1,3,0.386464,0.408772,672.904098
ASV_46_A,ASV_46_A,,4,2,3,0.390508,0.413557,728.675859
ASV_47_A,ASV_47_A,,4,5,4,0.383205,0.404864,718.999631
ASV_48_A,ASV_48_A,,4,3,4,0.394488,0.419298,1007.746768
ASV_49_A,ASV_49_A,,4,2,3,0.396735,0.421531,1033.53677
ASV_5_A,ASV_5_A,,4,2,4,0.385041,0.409091,804.50509
ASV_53_A,ASV_53_A,,4,5,3,0.396284,0.42201,1354.802048
ASV_57_A,ASV_57_A,,4,4,4,0.384899,0.407337,789.289317
ASV_59_A,ASV_59_A,,4,1,3,0.394191,0.418501,854.848369
ASV_6_A,ASV_6_A,,4,3,4,0.383346,0.4063,668.926701
ASV_60_A,ASV_60_A,,4,0,3,0.393301,0.417863,1030.062961
ASV_62_A,ASV_62_A,,4,5,3,0.372948,0.392185,579.542667
ASV_64_A,ASV_64_A,,4,2,4,0.390947,0.41563,1018.762979
ASV_66_A,ASV_66_A,,4,1,3,0.41337,0.440989,1848.618514
ASV_67_A,ASV_67_A,,4,2,4,0.369388,0.387241,379.12162
ASV_68_A,ASV_68_A,,4,5,4,0.38405,0.406938,715.766823
ASV_7_A,ASV_7_A,,4,3,3,0.389054,0.413238,1036.868207
ASV_71_A,ASV_71_A,,4,2,4,0.389635,0.413955,969.458429
ASV_72_A,ASV_72_A,,4,0,3,0.39271,0.416906,774.992649
ASV_75_A,ASV_75_A,,4,0,4,0.386322,0.40933,823.841186
ASV_76_A,ASV_76_A,,4,0,4,0.385182,0.408692,777.531027
ASV_79_A,ASV_79_A,,4,0,3,0.393597,0.417863,853.266506
ASV_8_A,ASV_8_A,,4,3,4,0.390362,0.415072,970.121584
ASV_81_A,ASV_81_A,,4,5,4,0.384191,0.406459,630.392663
ASV_82_A,ASV_82_A,,4,2,4,0.381526,0.404226,892.14583
ASV_83_A,ASV_83_A,,4,1,3,0.391239,0.414992,818.168736
ASV_86_A,ASV_86_A,,4,6,3,0.392562,0.416427,968.954983
ASV_87_A,ASV_87_A,,4,4,4,0.393153,0.417145,846.266969
ASV_88_A,ASV_88_A,,4,5,3,0.378486,0.399043,585.231779
ASV_89_A,ASV_89_A,,4,0,4,0.387611,0.411244,796.879291
ASV_9_A,ASV_9_A,,4,5,3,0.403943,0.430303,1521.375562
ASV_91_A,ASV_91_A,,4,5,4,0.382784,0.405502,830.324932
ASV_92_A,ASV_92_A,,4,4,4,0.402853,0.429266,1258.533648
ASV_94_A,ASV_94_A,,4,1,4,0.386322,0.409091,706.613577
ASV_95_A,ASV_95_A,,4,6,4,0.387755,0.410367,666.836198
ASV_98_A,ASV_98_A,,4,1,4,0.392267,0.417225,989.462745
ASV_99_A,ASV_99_A,,4,2,4,0.40069,0.426396,1191.584684
