Id,Label,timeset,Eccentricity,closnesscentrality,harmonicclosnesscentrality,betweenesscentrality,modularity_class,Authority,Hub
ASV100,ASV100,,4,0.36561,0.390048,596.208791,1,0.047761,0.047761
ASV1001,ASV1001,,4,0.358252,0.379347,323.348412,2,0.03297,0.03297
ASV1002,ASV1002,,5,0.301257,0.317737,35.92047,6,0.010729,0.010729
ASV1003,ASV1003,,4,0.364541,0.38764,581.946027,4,0.032984,0.032984
ASV1005,ASV1005,,4,0.320969,0.338684,133.577627,3,0.012595,0.012595
ASV101,ASV101,,4,0.377576,0.405297,835.504654,8,0.060861,0.060861
ASV1018,ASV1018,,4,0.344961,0.365704,361.556483,5,0.01892,0.018919
ASV1025,ASV1025,,4,0.352775,0.378277,464.572373,4,0.036407,0.036406
ASV1029,ASV1029,,4,0.363265,0.387373,547.530843,4,0.034563,0.034563
ASV103,ASV103,,4,0.364968,0.388042,372.845794,7,0.042266,0.042267
ASV1036,ASV1036,,4,0.359078,0.383494,567.300364,6,0.042291,0.042292
ASV104,ASV104,,4,0.370833,0.395666,718.360461,6,0.042394,0.042395
ASV1040,ASV1040,,4,0.356407,0.377207,448.902245,6,0.026437,0.026438
ASV1050,ASV1050,,4,0.335668,0.353264,233.227876,8,0.013399,0.013399
ASV1053,ASV1053,,4,0.350197,0.371455,269.899212,4,0.025851,0.025851
ASV1059,ASV1059,,4,0.358664,0.380685,304.322348,6,0.033798,0.033799
ASV106,ASV106,,4,0.383857,0.414125,1311.456292,6,0.064573,0.064574
ASV1077,ASV1077,,4,0.361999,0.386437,611.586179,4,0.034292,0.034292
ASV108,ASV108,,4,0.375527,0.401819,643.43462,6,0.063817,0.063818
ASV109,ASV109,,4,0.375075,0.400883,773.862813,0,0.046172,0.046172
ASV11,ASV11,,4,0.383149,0.409176,886.808393,1,0.062082,0.062082
ASV110,ASV110,,4,0.375527,0.400883,778.241142,2,0.050512,0.050512
ASV111,ASV111,,4,0.37395,0.39794,630.405349,3,0.052329,0.052329
ASV112,ASV112,,4,0.37194,0.396602,711.021553,1,0.046384,0.046384
ASV113,ASV113,,4,0.342308,0.363296,302.240299,6,0.02307,0.02307
ASV116,ASV116,,4,0.379647,0.404361,917.223088,6,0.042858,0.042859
ASV1166,ASV1166,,4,0.332621,0.350187,210.0039,5,0.014701,0.014701
ASV118,ASV118,,4,0.319487,0.336142,163.497819,3,0.010886,0.010886
ASV119,ASV119,,4,0.379878,0.407571,882.732264,1,0.071346,0.071346
ASV12,ASV12,,4,0.373725,0.399679,644.790638,4,0.055788,0.055787
ASV120,ASV120,,4,0.380807,0.407571,796.643109,6,0.058676,0.058677
ASV121,ASV121,,4,0.371275,0.397138,552.759163,0,0.060831,0.060832
ASV122,ASV122,,4,0.366902,0.392456,757.475463,4,0.047331,0.04733
ASV123,ASV123,,4,0.368639,0.391921,642.334915,6,0.032163,0.032163
ASV124,ASV124,,4,0.363054,0.386437,348.784585,4,0.041248,0.041247
ASV125,ASV125,,4,0.350394,0.368513,277.50429,7,0.018756,0.018756
ASV126,ASV126,,4,0.365182,0.390182,506.634234,3,0.05198,0.051981
ASV127,ASV127,,4,0.367335,0.389914,656.468488,0,0.032759,0.032759
ASV129,ASV129,,4,0.352775,0.372258,250.345392,4,0.025495,0.025495
ASV13,ASV13,,4,0.372831,0.39794,746.426533,6,0.049378,0.049379
ASV133,ASV133,,4,0.320473,0.337346,105.122755,1,0.012284,0.012284
ASV134,ASV134,,4,0.349803,0.369181,214.949029,8,0.0293,0.0293
ASV135,ASV135,,4,0.370833,0.394997,713.191847,7,0.04243,0.04243
ASV136,ASV136,,4,0.382209,0.410112,851.571821,6,0.066897,0.066898
ASV138,ASV138,,4,0.373501,0.397271,582.673461,1,0.043768,0.043768
ASV141,ASV141,,4,0.373725,0.399545,582.898185,3,0.059812,0.059812
ASV142,ASV142,,4,0.375527,0.400348,793.222012,1,0.042621,0.042621
ASV143,ASV143,,4,0.367986,0.391386,444.992419,1,0.043528,0.043528
ASV146,ASV146,,4,0.375981,0.402354,1006.072261,6,0.053921,0.053922
ASV147,ASV147,,4,0.379184,0.408106,1100.169326,8,0.065067,0.065066
ASV149,ASV149,,4,0.34902,0.37199,382.937473,6,0.035678,0.035679
ASV15,ASV15,,4,0.380574,0.407036,997.601383,6,0.053722,0.053723
ASV153,ASV153,,4,0.358664,0.379749,429.353936,0,0.026844,0.026844
ASV154,ASV154,,4,0.377119,0.404628,771.026211,3,0.067988,0.067988
ASV156,ASV156,,4,0.361579,0.382022,315.701311,0,0.03774,0.03774
ASV158,ASV158,,4,0.36561,0.388844,477.330832,1,0.040879,0.040879
ASV159,ASV159,,4,0.35,0.371723,186.8062,4,0.033101,0.033101
ASV160,ASV160,,4,0.366902,0.38764,428.136986,7,0.032476,0.032476
ASV161,ASV161,,4,0.379415,0.406367,729.483234,0,0.064968,0.064968
ASV162,ASV162,,4,0.395305,0.42496,1497.811348,8,0.06412,0.064119
ASV163,ASV163,,4,0.383857,0.411182,1124.28845,8,0.0552,0.0552
ASV166,ASV166,,4,0.372385,0.396602,530.032483,4,0.045476,0.045476
ASV167,ASV167,,4,0.386957,0.414393,1027.207442,7,0.058386,0.058386
ASV169,ASV169,,4,0.379647,0.404361,735.237259,6,0.047327,0.047327
ASV17,ASV17,,4,0.37194,0.396067,422.419847,4,0.05418,0.054179
ASV170,ASV170,,4,0.378493,0.404628,904.175631,7,0.047645,0.047644
ASV172,ASV172,,4,0.367769,0.391921,776.594975,4,0.039756,0.039756
ASV173,ASV173,,4,0.386716,0.415597,1112.795197,0,0.071318,0.071318
ASV177,ASV177,,4,0.386237,0.413456,825.330343,0,0.06136,0.06136
ASV179,ASV179,,4,0.35743,0.378411,417.739171,0,0.031921,0.031921
ASV18,ASV18,,4,0.38552,0.413991,759.45475,4,0.076407,0.076407
ASV181,ASV181,,4,0.376435,0.402622,649.057548,0,0.059878,0.059878
ASV182,ASV182,,4,0.349803,0.370653,362.294805,5,0.027457,0.027457
ASV185,ASV185,,4,0.367552,0.392322,715.490921,6,0.041055,0.041055
ASV187,ASV187,,4,0.384805,0.411316,1023.930661,8,0.054885,0.054884
ASV19,ASV19,,4,0.391332,0.423622,1558.220724,1,0.088074,0.088074
ASV190,ASV190,,4,0.374399,0.397405,630.81381,1,0.041549,0.041549
ASV191,ASV191,,4,0.367118,0.390851,632.919553,6,0.042819,0.042819
ASV193,ASV193,,4,0.356,0.375468,520.277639,8,0.020739,0.020739
ASV194,ASV194,,4,0.389862,0.419342,1280.932185,3,0.064104,0.064104
ASV197,ASV197,,4,0.35702,0.379615,460.705897,3,0.031825,0.031825
ASV198,ASV198,,4,0.368639,0.392322,683.797786,8,0.03967,0.03967
ASV2,ASV2,,4,0.38174,0.408507,977.212156,7,0.055053,0.055053
ASV200,ASV200,,4,0.369514,0.392857,606.136442,0,0.041548,0.041548
ASV201,ASV201,,4,0.355797,0.375602,202.914485,8,0.032583,0.032583
ASV203,ASV203,,4,0.358252,0.380016,457.585475,4,0.030761,0.03076
ASV204,ASV204,,4,0.343062,0.363697,137.737039,6,0.027416,0.027417
ASV206,ASV206,,4,0.364754,0.388577,604.823639,4,0.042149,0.042148
ASV207,ASV207,,4,0.345919,0.364767,391.763493,6,0.018172,0.018172
ASV209,ASV209,,4,0.374399,0.399144,900.237858,1,0.044838,0.044838
ASV21,ASV21,,4,0.367335,0.393793,468.529402,6,0.060691,0.060692
ASV210,ASV210,,4,0.365825,0.386972,369.047302,5,0.038234,0.038234
ASV211,ASV211,,4,0.372831,0.397405,699.138354,8,0.042955,0.042955
ASV213,ASV213,,4,0.364754,0.388711,389.941544,0,0.048171,0.048172
ASV214,ASV214,,4,0.366471,0.38764,417.705952,1,0.037829,0.037829
ASV215,ASV215,,4,0.358458,0.378946,402.065244,8,0.029865,0.029865
ASV219,ASV219,,4,0.358046,0.38229,341.914068,1,0.045318,0.045317
ASV22,ASV22,,4,0.353375,0.371723,304.12362,1,0.024608,0.024608
ASV221,ASV221,,4,0.347075,0.36771,265.801971,4,0.023789,0.023789
ASV222,ASV222,,4,0.369514,0.395934,764.174203,6,0.047803,0.047803
ASV223,ASV223,,4,0.38104,0.407303,947.651118,0,0.0546,0.0546
ASV226,ASV226,,4,0.364115,0.389914,631.975827,1,0.046255,0.046254
ASV227,ASV227,,4,0.335849,0.354334,138.853548,8,0.01977,0.01977
ASV228,ASV228,,4,0.368639,0.392456,851.575204,4,0.032539,0.032539
ASV229,ASV229,,4,0.37395,0.400214,793.556302,6,0.053478,0.053479
ASV23,ASV23,,4,0.383857,0.412119,914.473958,8,0.068657,0.068657
ASV231,ASV231,,4,0.364754,0.387373,743.985847,4,0.029917,0.029916
ASV232,ASV232,,4,0.358458,0.382156,374.886996,0,0.040865,0.040865
ASV233,ASV233,,4,0.369514,0.395131,929.780214,8,0.037068,0.037068
ASV236,ASV236,,4,0.367769,0.392188,499.006974,0,0.048974,0.048974
ASV237,ASV237,,4,0.384331,0.411584,828.241797,0,0.064432,0.064433
ASV238,ASV238,,4,0.373501,0.400214,1055.767334,4,0.039199,0.039198
ASV239,ASV239,,4,0.366686,0.38764,394.553282,8,0.033807,0.033807
ASV24,ASV24,,4,0.379878,0.406635,855.882671,8,0.065539,0.065539
ASV240,ASV240,,4,0.357225,0.37801,292.071509,6,0.030768,0.030768
ASV243,ASV243,,4,0.359078,0.38122,413.146668,2,0.029734,0.029734
ASV244,ASV244,,4,0.35438,0.374799,308.705798,2,0.02563,0.02563
ASV245,ASV245,,4,0.375301,0.399545,692.549176,2,0.042976,0.042976
ASV246,ASV246,,4,0.383149,0.410647,1018.816229,4,0.062506,0.062506
ASV247,ASV247,,4,0.372608,0.398074,563.426337,3,0.057004,0.057004
ASV249,ASV249,,4,0.360116,0.381755,508.272838,2,0.02864,0.02864
ASV251,ASV251,,4,0.3597,0.385099,499.732741,8,0.044812,0.044811
ASV252,ASV252,,4,0.361789,0.382424,330.807338,3,0.031853,0.031853
ASV253,ASV253,,4,0.373054,0.39901,527.896289,6,0.063451,0.063452
ASV254,ASV254,,4,0.35784,0.382424,593.097805,1,0.034277,0.034277
ASV255,ASV255,,4,0.387197,0.4168,932.926215,4,0.078126,0.078126
ASV256,ASV256,,4,0.364968,0.386303,343.018662,7,0.034835,0.034835
ASV257,ASV257,,4,0.379184,0.403558,864.415438,1,0.043469,0.043469
ASV258,ASV258,,4,0.358046,0.380819,416.391016,8,0.035402,0.035402
ASV261,ASV261,,4,0.376208,0.399946,637.052387,5,0.04427,0.04427
ASV262,ASV262,,4,0.385281,0.41252,1054.489993,1,0.052417,0.052417
ASV264,ASV264,,4,0.368639,0.391653,394.661515,7,0.050241,0.05024
ASV265,ASV265,,4,0.357635,0.378946,442.152529,4,0.027761,0.027761
ASV267,ASV267,,4,0.348629,0.370251,230.478611,0,0.032628,0.032628
ASV269,ASV269,,4,0.379415,0.406768,1100.525166,4,0.049545,0.049544
ASV27,ASV27,,4,0.373277,0.397539,579.604167,0,0.052632,0.052632
ASV271,ASV271,,4,0.377347,0.401819,784.299258,7,0.043684,0.043684
ASV275,ASV275,,4,0.349411,0.369315,354.544389,3,0.022345,0.022345
ASV276,ASV276,,4,0.364327,0.387774,501.901135,4,0.036846,0.036845
ASV277,ASV277,,4,0.384331,0.413456,899.951556,0,0.07052,0.07052
ASV278,ASV278,,4,0.352176,0.375067,516.252234,5,0.029008,0.029008
ASV279,ASV279,,4,0.369952,0.392991,435.841773,4,0.043214,0.043214
ASV28,ASV28,,4,0.372162,0.397806,689.878573,8,0.05232,0.05232
ASV283,ASV283,,4,0.377805,0.402488,747.431716,2,0.044271,0.044271
ASV284,ASV284,,4,0.386476,0.414125,1012.929663,6,0.069071,0.069071
ASV285,ASV285,,4,0.356816,0.376003,290.976573,4,0.027379,0.027379
ASV286,ASV286,,4,0.386237,0.413189,919.208975,8,0.06132,0.06132
ASV287,ASV287,,4,0.364327,0.385902,360.587315,8,0.036566,0.036566
ASV288,ASV288,,4,0.358664,0.382022,534.070037,2,0.029595,0.029595
ASV290,ASV290,,4,0.381506,0.407303,751.454415,2,0.053552,0.053552
ASV291,ASV291,,4,0.38104,0.40931,849.984497,3,0.066964,0.066964
ASV292,ASV292,,4,0.377805,0.402755,766.624058,0,0.054202,0.054202
ASV293,ASV293,,4,0.349411,0.368646,247.462614,3,0.022858,0.022858
ASV295,ASV295,,4,0.34477,0.362627,269.020286,6,0.017767,0.017767
ASV296,ASV296,,4,0.33951,0.356073,123.67195,6,0.017933,0.017933
ASV297,ASV297,,4,0.367552,0.390182,462.696585,8,0.040806,0.040806
ASV298,ASV298,,4,0.362842,0.383761,385.296437,7,0.032202,0.032202
ASV30,ASV30,,4,0.359078,0.380016,601.046651,6,0.026628,0.026628
ASV300,ASV300,,4,0.373277,0.397539,605.169275,8,0.046733,0.046733
ASV301,ASV301,,4,0.365396,0.389379,481.178622,4,0.042219,0.042218
ASV305,ASV305,,4,0.368203,0.389647,714.000502,7,0.028488,0.028488
ASV306,ASV306,,4,0.358458,0.38015,424.420571,4,0.029388,0.029387
ASV308,ASV308,,4,0.35702,0.380952,399.453661,1,0.039876,0.039876
ASV309,ASV309,,4,0.396058,0.426431,1386.439693,7,0.076775,0.076775
ASV31,ASV31,,4,0.357635,0.378411,404.222703,8,0.02854,0.02854
ASV311,ASV311,,4,0.367769,0.390984,720.530351,5,0.037211,0.037211
ASV314,ASV314,,4,0.388404,0.419074,1299.962869,8,0.079346,0.079346
ASV315,ASV315,,4,0.378954,0.404361,803.885201,0,0.051679,0.051679
ASV316,ASV316,,4,0.37395,0.396602,626.617215,8,0.041296,0.041296
ASV317,ASV317,,4,0.331383,0.352461,75.942855,6,0.032417,0.032418
ASV318,ASV318,,4,0.360741,0.382825,479.546309,2,0.030966,0.030966
ASV319,ASV319,,4,0.367769,0.390717,602.248775,3,0.037265,0.037265
ASV32,ASV32,,4,0.351977,0.370251,209.519231,8,0.026591,0.026591
ASV324,ASV324,,4,0.36604,0.388978,554.10166,0,0.03534,0.035341
ASV325,ASV325,,4,0.368421,0.390316,493.12076,7,0.034545,0.034545
ASV326,ASV326,,4,0.364968,0.387105,550.390485,8,0.029933,0.029932
ASV328,ASV328,,4,0.356407,0.377475,419.700384,0,0.02829,0.02829
ASV330,ASV330,,4,0.329979,0.351257,209.885621,4,0.019638,0.019637
ASV331,ASV331,,4,0.371054,0.39901,707.019672,0,0.061032,0.061033
ASV332,ASV332,,4,0.37395,0.401418,746.238221,6,0.060302,0.060303
ASV333,ASV333,,4,0.373054,0.398876,795.527128,2,0.045187,0.045186
ASV334,ASV334,,4,0.364115,0.385902,386.212995,2,0.035934,0.035934
ASV335,ASV335,,4,0.375301,0.402354,750.396011,0,0.055495,0.055496
ASV337,ASV337,,4,0.366686,0.388577,293.284784,4,0.046454,0.046454
ASV339,ASV339,,4,0.35743,0.383093,460.058522,4,0.043397,0.043396
ASV34,ASV34,,4,0.37194,0.397138,447.230223,4,0.05567,0.05567
ASV342,ASV342,,4,0.390351,0.418138,1213.21561,6,0.06,0.06
ASV344,ASV344,,4,0.35438,0.380952,379.66045,6,0.051367,0.051368
ASV345,ASV345,,4,0.363689,0.386838,625.216196,8,0.036251,0.036251
ASV346,ASV346,,4,0.355391,0.375201,352.106458,8,0.023934,0.023934
ASV348,ASV348,,4,0.378493,0.405698,889.532489,4,0.056922,0.056922
ASV349,ASV349,,4,0.356,0.37801,495.118551,1,0.026052,0.026052
ASV350,ASV350,,4,0.360741,0.381354,441.06833,1,0.033859,0.033858
ASV351,ASV351,,4,0.368857,0.390316,506.682453,2,0.032335,0.032335
ASV353,ASV353,,4,0.376891,0.406635,909.206621,6,0.080264,0.080265
ASV355,ASV355,,4,0.385043,0.411316,1025.076648,7,0.055614,0.055615
ASV356,ASV356,,4,0.38011,0.407036,822.683368,0,0.065067,0.065067
ASV357,ASV357,,4,0.364968,0.388443,541.92108,0,0.04113,0.04113
ASV358,ASV358,,4,0.376208,0.403692,682.782077,0,0.067058,0.067059
ASV359,ASV359,,4,0.373501,0.396736,597.094628,0,0.037424,0.037424
ASV36,ASV36,,4,0.365182,0.388309,387.645307,0,0.045427,0.045427
ASV362,ASV362,,4,0.353375,0.373462,291.207439,2,0.025031,0.025032
ASV363,ASV363,,4,0.362842,0.384965,485.640232,7,0.031561,0.031561
ASV364,ASV364,,4,0.35784,0.378678,526.67186,4,0.025544,0.025544
ASV365,ASV365,,4,0.353977,0.379615,438.428583,6,0.042855,0.042856
ASV366,ASV366,,4,0.373054,0.40008,1100.581797,4,0.045331,0.045331
ASV367,ASV367,,4,0.37194,0.398074,602.328294,8,0.04864,0.048639
ASV368,ASV368,,4,0.382678,0.413456,864.594926,0,0.083539,0.083541
ASV370,ASV370,,4,0.371718,0.394997,690.745739,3,0.036871,0.036872
ASV372,ASV372,,4,0.392812,0.422686,1469.66367,0,0.064581,0.064581
ASV373,ASV373,,4,0.377805,0.403291,825.124526,4,0.054204,0.054204
ASV374,ASV374,,4,0.34212,0.360219,146.340592,0,0.020655,0.020655
ASV375,ASV375,,4,0.383857,0.411049,971.195694,2,0.061077,0.061077
ASV376,ASV376,,4,0.373501,0.400348,841.183747,0,0.050088,0.050088
ASV377,ASV377,,4,0.36561,0.388577,422.897021,0,0.042868,0.042868
ASV378,ASV378,,4,0.378954,0.404762,792.035073,1,0.057038,0.057038
ASV379,ASV379,,4,0.301549,0.317549,101.008893,1,0.007189,0.007189
ASV38,ASV38,,4,0.367986,0.393927,984.470805,4,0.04557,0.045569
ASV381,ASV381,,4,0.373501,0.401017,1043.214866,4,0.044899,0.044898
ASV382,ASV382,,4,0.314329,0.330524,50.908771,6,0.011908,0.011908
ASV383,ASV383,,4,0.337669,0.355939,275.566564,8,0.014037,0.014037
ASV386,ASV386,,4,0.375981,0.399813,706.553869,0,0.043571,0.043571
ASV387,ASV387,,4,0.3233,0.344302,149.167742,4,0.017316,0.017315
ASV388,ASV388,,4,0.35702,0.378545,436.634035,4,0.024857,0.024857
ASV389,ASV389,,4,0.36561,0.390316,547.500916,4,0.039309,0.039308
ASV39,ASV39,,4,0.375075,0.401284,666.613557,1,0.059299,0.059299
ASV391,ASV391,,4,0.3597,0.384029,554.271642,3,0.036083,0.036083
ASV392,ASV392,,4,0.329804,0.350054,251.630849,5,0.015671,0.015671
ASV393,ASV393,,4,0.373277,0.397405,854.518649,5,0.035462,0.035462
ASV395,ASV395,,4,0.373725,0.396335,822.779393,7,0.037878,0.037877
ASV396,ASV396,,4,0.373725,0.397673,829.772028,8,0.035828,0.035828
ASV398,ASV398,,4,0.33988,0.361825,416.189474,5,0.022261,0.022261
ASV399,ASV399,,4,0.359285,0.380284,361.948055,7,0.031104,0.031104
ASV40,ASV40,,4,0.383149,0.410781,1040.487747,1,0.063236,0.063236
ASV400,ASV400,,4,0.310105,0.327582,112.937693,5,0.009761,0.009761
ASV401,ASV401,,4,0.350788,0.369984,278.327274,2,0.022627,0.022627
ASV402,ASV402,,4,0.352775,0.373328,409.792401,1,0.024065,0.024065
ASV403,ASV403,,4,0.368639,0.391252,573.48963,4,0.035557,0.035556
ASV404,ASV404,,4,0.367769,0.390316,717.935504,7,0.030607,0.030606
ASV405,ASV405,,4,0.354179,0.376806,363.48639,2,0.02918,0.02918
ASV407,ASV407,,4,0.356816,0.38229,311.443407,6,0.049598,0.049599
ASV41,ASV41,,4,0.371718,0.396736,500.261674,4,0.051576,0.051576
ASV410,ASV410,,4,0.379184,0.405297,919.483411,8,0.051906,0.051906
ASV411,ASV411,,4,0.375301,0.403558,816.473476,0,0.058735,0.058736
ASV412,ASV412,,4,0.356611,0.377742,467.577194,5,0.023352,0.023351
ASV413,ASV413,,4,0.366255,0.388711,591.398835,3,0.032977,0.032977
ASV415,ASV415,,4,0.364541,0.387507,720.706966,8,0.033104,0.033104
ASV416,ASV416,,4,0.362631,0.387239,462.44712,4,0.040639,0.040638
ASV417,ASV417,,4,0.369295,0.393392,469.507604,3,0.046002,0.046002
ASV418,ASV418,,4,0.344009,0.36236,306.643621,2,0.015974,0.015974
ASV419,ASV419,,4,0.371275,0.39366,695.622508,6,0.033336,0.033336
ASV421,ASV421,,4,0.370392,0.396602,866.772117,4,0.043905,0.043904
ASV422,ASV422,,4,0.350394,0.373194,234.761003,2,0.0304,0.030399
ASV423,ASV423,,4,0.364541,0.386838,541.869644,7,0.031388,0.031388
ASV424,ASV424,,4,0.375301,0.400482,863.016533,7,0.041874,0.041874
ASV425,ASV425,,4,0.365396,0.388309,566.171342,1,0.032965,0.032965
ASV426,ASV426,,4,0.374399,0.39901,693.305778,7,0.04245,0.04245
ASV427,ASV427,,4,0.327895,0.345773,230.466911,5,0.012639,0.012639
ASV429,ASV429,,4,0.367552,0.390449,471.782103,1,0.039802,0.039802
ASV430,ASV430,,4,0.361579,0.383628,414.51442,8,0.031105,0.031105
ASV432,ASV432,,4,0.355594,0.377608,248.351433,6,0.03627,0.03627
ASV434,ASV434,,4,0.355391,0.37908,423.643085,1,0.041305,0.041304
ASV435,ASV435,,4,0.358871,0.380016,434.328362,2,0.027799,0.027799
ASV437,ASV437,,4,0.368639,0.392723,716.937844,2,0.046298,0.046298
ASV44,ASV44,,4,0.382913,0.409176,813.906533,6,0.063741,0.063741
ASV440,ASV440,,4,0.370833,0.394329,738.610962,8,0.038168,0.038168
ASV441,ASV441,,5,0.304051,0.319128,25.824311,4,0.007552,0.007552
ASV443,ASV443,,4,0.373725,0.397271,613.576388,0,0.039841,0.039842
ASV444,ASV444,,4,0.363477,0.382825,514.834714,8,0.027487,0.027486
ASV445,ASV445,,4,0.336757,0.355805,125.060144,4,0.019259,0.019259
ASV447,ASV447,,4,0.363477,0.38443,412.822592,0,0.035793,0.035793
ASV448,ASV448,,4,0.378723,0.403558,666.536748,4,0.049016,0.049016
ASV450,ASV450,,4,0.36561,0.388577,395.816485,3,0.042532,0.042532
ASV452,ASV452,,4,0.365825,0.388844,730.109221,1,0.028298,0.028298
ASV454,ASV454,,4,0.35743,0.377876,340.431398,2,0.028273,0.028273
ASV455,ASV455,,4,0.374624,0.397539,733.351317,5,0.034961,0.034961
ASV456,ASV456,,4,0.367335,0.394596,696.942006,1,0.05291,0.05291
ASV458,ASV458,,4,0.382209,0.40824,849.280276,2,0.047303,0.047303
ASV459,ASV459,,4,0.375981,0.401819,760.121063,4,0.047617,0.047617
ASV46,ASV46,,4,0.356611,0.377742,568.067144,2,0.025021,0.025021
ASV460,ASV460,,4,0.360324,0.383628,576.509336,1,0.031313,0.031313
ASV461,ASV461,,4,0.371054,0.395131,734.579002,8,0.039254,0.039254
ASV463,ASV463,,4,0.347269,0.36557,253.431536,0,0.020063,0.020063
ASV464,ASV464,,4,0.365396,0.391386,654.473482,4,0.045036,0.045035
ASV465,ASV465,,4,0.320803,0.336811,97.992952,5,0.010248,0.010248
ASV466,ASV466,,4,0.35438,0.374933,365.151336,3,0.025205,0.025205
ASV469,ASV469,,4,0.361579,0.384296,512.13394,1,0.03463,0.03463
ASV47,ASV47,,4,0.369076,0.391787,667.551513,7,0.034095,0.034095
ASV470,ASV470,,4,0.351779,0.371322,361.717127,3,0.021227,0.021227
ASV471,ASV471,,4,0.343251,0.36236,214.588451,5,0.018448,0.018448
ASV473,ASV473,,4,0.352775,0.373863,292.89274,0,0.028345,0.028345
ASV474,ASV474,,4,0.361999,0.385902,730.791325,4,0.028309,0.028309
ASV475,ASV475,,4,0.331207,0.351257,174.128188,1,0.019464,0.019464
ASV476,ASV476,,4,0.36095,0.381354,401.368891,5,0.026594,0.026594
ASV477,ASV477,,4,0.345727,0.367576,241.968122,1,0.028236,0.028236
ASV478,ASV478,,4,0.353977,0.372927,251.966092,4,0.027164,0.027164
ASV48,ASV48,,4,0.359078,0.379347,324.122539,6,0.032664,0.032664
ASV480,ASV480,,4,0.348629,0.370251,260.004235,3,0.028534,0.028534
ASV483,ASV483,,4,0.363477,0.385099,524.939107,8,0.029219,0.029219
ASV486,ASV486,,4,0.36604,0.387507,593.141244,0,0.032727,0.032727
ASV487,ASV487,,4,0.370613,0.394462,733.262389,0,0.036549,0.036549
ASV488,ASV488,,5,0.361579,0.387961,497.40419,4,0.043688,0.043687
ASV489,ASV489,,4,0.367769,0.390717,748.053056,5,0.03002,0.03002
ASV49,ASV49,,4,0.364115,0.386303,584.094599,6,0.03362,0.03362
ASV492,ASV492,,4,0.35743,0.376806,291.266672,8,0.023478,0.023478
ASV493,ASV493,,4,0.367552,0.393125,604.496193,0,0.048144,0.048145
ASV495,ASV495,,4,0.366255,0.388175,543.529343,4,0.032768,0.032768
ASV497,ASV497,,4,0.369952,0.3958,497.231149,4,0.051421,0.051421
ASV499,ASV499,,4,0.376435,0.403424,682.703148,0,0.062872,0.062873
ASV5,ASV5,,4,0.374174,0.399278,598.747289,4,0.054146,0.054146
ASV50,ASV50,,4,0.379415,0.406367,833.95844,6,0.061793,0.061793
ASV500,ASV500,,4,0.348629,0.367175,194.696871,8,0.022305,0.022305
ASV501,ASV501,,4,0.35702,0.377742,378.9214,5,0.024976,0.024975
ASV503,ASV503,,4,0.350788,0.372659,225.137906,0,0.035047,0.035048
ASV504,ASV504,,4,0.375075,0.399946,748.221481,1,0.040643,0.040643
ASV506,ASV506,,4,0.345535,0.362226,180.369514,1,0.019539,0.019538
ASV51,ASV51,,4,0.384568,0.413456,871.289569,3,0.07093,0.07093
ASV510,ASV510,,4,0.358871,0.381621,634.895352,4,0.029291,0.029291
ASV511,ASV511,,4,0.378264,0.407705,1001.744002,8,0.058243,0.058243
ASV513,ASV513,,4,0.35,0.370251,383.887151,2,0.022668,0.022668
ASV515,ASV515,,4,0.371054,0.395934,561.427419,7,0.045788,0.045787
ASV516,ASV516,,4,0.348629,0.369449,358.08392,8,0.022243,0.022243
ASV517,ASV517,,4,0.363689,0.387239,480.278134,2,0.0369,0.0369
ASV518,ASV518,,4,0.364115,0.386838,576.594811,5,0.03181,0.03181
ASV519,ASV519,,4,0.358871,0.379615,307.6063,6,0.033487,0.033487
ASV52,ASV52,,4,0.373277,0.397138,487.632985,6,0.057786,0.057786
ASV521,ASV521,,4,0.367118,0.389112,504.380134,3,0.034431,0.034431
ASV523,ASV523,,4,0.376208,0.399278,792.060151,2,0.036552,0.036552
ASV525,ASV525,,4,0.340251,0.360353,345.548785,0,0.018452,0.018452
ASV526,ASV526,,4,0.360116,0.380952,488.470051,2,0.026822,0.026822
ASV527,ASV527,,4,0.37194,0.395666,494.99082,3,0.046171,0.046171
ASV528,ASV528,,4,0.376891,0.40222,642.797013,0,0.053327,0.053327
ASV529,ASV529,,4,0.371275,0.394997,634.579315,2,0.039666,0.039666
ASV532,ASV532,,4,0.369952,0.392991,594.842735,0,0.03629,0.03629
ASV533,ASV533,,4,0.360324,0.38229,369.173631,2,0.034669,0.034669
ASV536,ASV536,,4,0.347656,0.365837,250.180348,1,0.020962,0.020962
ASV537,ASV537,,4,0.35784,0.378277,596.825008,8,0.022941,0.022941
ASV538,ASV538,,4,0.372608,0.396335,617.672594,1,0.038476,0.038476
ASV539,ASV539,,4,0.33914,0.358748,339.050523,4,0.019984,0.019983
ASV54,ASV54,,4,0.371497,0.395265,752.904484,2,0.036628,0.036628
ASV540,ASV540,,4,0.378723,0.404494,760.441686,0,0.052403,0.052403
ASV541,ASV541,,4,0.367335,0.39152,588.019281,4,0.037238,0.037237
ASV542,ASV542,,4,0.351779,0.37306,510.952017,1,0.0253,0.025299
ASV543,ASV543,,4,0.354784,0.375869,486.195267,0,0.025926,0.025926
ASV544,ASV544,,4,0.356816,0.379615,390.487253,6,0.0311,0.031101
ASV546,ASV546,,4,0.359078,0.38122,718.368337,1,0.025643,0.025643
ASV548,ASV548,,4,0.36095,0.384698,438.834755,6,0.045922,0.045923
ASV549,ASV549,,4,0.35784,0.378411,637.732693,5,0.023005,0.023005
ASV55,ASV55,,4,0.375527,0.402889,789.179927,6,0.056891,0.056892
ASV550,ASV550,,4,0.372385,0.399411,979.995459,2,0.042859,0.042858
ASV551,ASV551,,4,0.343819,0.366105,380.310312,4,0.02325,0.02325
ASV552,ASV552,,4,0.374624,0.400883,721.023058,0,0.050814,0.050814
ASV553,ASV553,,4,0.341183,0.362092,245.6936,4,0.020293,0.020293
ASV554,ASV554,,4,0.366902,0.389513,582.076066,0,0.033271,0.033271
ASV555,ASV555,,4,0.360532,0.384029,383.962557,8,0.039982,0.039982
ASV556,ASV556,,4,0.368421,0.39152,633.391102,8,0.03694,0.03694
ASV558,ASV558,,4,0.353776,0.374264,303.862606,3,0.024284,0.024284
ASV559,ASV559,,4,0.394054,0.423355,1422.81122,7,0.058262,0.058262
ASV56,ASV56,,4,0.376435,0.403157,794.785562,1,0.059495,0.059495
ASV560,ASV560,,4,0.34477,0.363162,259.285995,3,0.018364,0.018364
ASV561,ASV561,,4,0.368639,0.393927,662.683614,2,0.04111,0.04111
ASV562,ASV562,,4,0.330679,0.350722,134.868409,4,0.017323,0.017323
ASV563,ASV563,,4,0.349607,0.37306,385.836519,4,0.032525,0.032524
ASV564,ASV564,,4,0.352975,0.374933,329.114747,4,0.031037,0.031037
ASV565,ASV565,,4,0.351977,0.374131,339.108627,3,0.028924,0.028924
ASV568,ASV568,,4,0.351779,0.372124,444.66314,3,0.020952,0.020952
ASV569,ASV569,,4,0.369076,0.393927,781.520421,0,0.036578,0.036578
ASV57,ASV57,,4,0.348629,0.369716,484.021406,4,0.025022,0.025022
ASV570,ASV570,,4,0.366686,0.389781,532.363379,0,0.035562,0.035562
ASV571,ASV571,,4,0.354582,0.377475,296.184591,0,0.037553,0.037554
ASV572,ASV572,,4,0.369076,0.395131,644.954586,4,0.04675,0.04675
ASV573,ASV573,,4,0.34785,0.366239,228.279544,2,0.020995,0.020995
ASV575,ASV575,,4,0.363265,0.388978,446.8868,3,0.04749,0.04749
ASV576,ASV576,,4,0.326349,0.344034,127.236549,5,0.013823,0.013823
ASV577,ASV577,,4,0.367335,0.389379,469.005374,6,0.035024,0.035024
ASV578,ASV578,,5,0.278623,0.290637,9.212159,1,0.004446,0.004446
ASV58,ASV58,,4,0.381974,0.409979,834.411127,2,0.069833,0.069834
ASV580,ASV580,,4,0.318996,0.338951,193.437332,5,0.012942,0.012942
ASV583,ASV583,,4,0.370392,0.395934,837.57781,1,0.042664,0.042663
ASV587,ASV587,,4,0.381273,0.409042,959.564561,8,0.055618,0.055618
ASV589,ASV589,,4,0.36604,0.387774,573.143114,0,0.030409,0.030409
ASV59,ASV59,,4,0.366255,0.391386,608.924611,1,0.048191,0.048191
ASV590,ASV590,,4,0.362631,0.385367,434.615652,3,0.035224,0.035225
ASV593,ASV593,,4,0.347269,0.365302,242.605542,3,0.018044,0.018044
ASV594,ASV594,,4,0.367118,0.392322,699.020173,4,0.041151,0.04115
ASV595,ASV595,,4,0.369514,0.395131,757.573022,7,0.041073,0.041072
ASV597,ASV597,,4,0.361369,0.382022,386.917609,7,0.027509,0.027509
ASV598,ASV598,,4,0.379878,0.40931,959.028705,7,0.067269,0.06727
ASV599,ASV599,,4,0.383385,0.410647,977.191362,7,0.053911,0.053911
ASV6,ASV6,,4,0.338955,0.357812,141.287249,1,0.022313,0.022313
ASV60,ASV60,,4,0.384805,0.413456,1140.482107,4,0.066971,0.066971
ASV600,ASV600,,4,0.367118,0.390449,595.45387,5,0.035374,0.035374
ASV601,ASV601,,4,0.334227,0.353799,235.073257,4,0.015806,0.015806
ASV602,ASV602,,4,0.369076,0.391653,577.609556,4,0.035597,0.035596
ASV603,ASV603,,4,0.36242,0.387373,557.653026,4,0.035828,0.035827
ASV605,ASV605,,4,0.364327,0.385768,445.014965,3,0.032595,0.032595
ASV609,ASV609,,4,0.359078,0.378277,340.888645,7,0.025859,0.025859
ASV61,ASV61,,4,0.377347,0.404494,656.192794,0,0.066195,0.066195
ASV611,ASV611,,4,0.368857,0.392055,791.643189,7,0.032723,0.032723
ASV612,ASV612,,4,0.373277,0.399411,655.302036,4,0.051041,0.05104
ASV613,ASV613,,4,0.360116,0.383895,318.775454,4,0.042464,0.042464
ASV614,ASV614,,4,0.334227,0.356474,249.323177,5,0.022875,0.022875
ASV615,ASV615,,4,0.355391,0.380284,434.29483,6,0.040112,0.040113
ASV617,ASV617,,4,0.386957,0.415864,1168.818284,8,0.063645,0.063644
ASV619,ASV619,,4,0.356204,0.380284,424.37954,1,0.039372,0.039371
ASV620,ASV620,,4,0.377119,0.401017,786.835169,7,0.03652,0.03652
ASV621,ASV621,,4,0.364327,0.38764,644.077066,6,0.031014,0.031014
ASV624,ASV624,,4,0.365396,0.39152,692.495941,6,0.050978,0.050979
ASV625,ASV625,,4,0.357635,0.378277,521.979341,4,0.022802,0.022801
ASV628,ASV628,,4,0.361159,0.382022,396.234376,3,0.027372,0.027372
ASV629,ASV629,,4,0.330329,0.351124,176.225349,4,0.016606,0.016605
ASV63,ASV63,,4,0.377576,0.403157,915.401873,6,0.045724,0.045724
ASV632,ASV632,,4,0.349803,0.370251,325.825227,8,0.02414,0.02414
ASV633,ASV633,,4,0.345344,0.364366,354.296467,5,0.01811,0.01811
ASV634,ASV634,,4,0.370392,0.39473,670.265891,2,0.04272,0.042719
ASV635,ASV635,,4,0.351779,0.372124,470.97788,5,0.020265,0.020265
ASV638,ASV638,,4,0.346111,0.366105,399.621562,6,0.020024,0.020024
ASV639,ASV639,,4,0.350591,0.373462,465.618795,4,0.025725,0.025724
ASV64,ASV64,,4,0.387197,0.416667,1297.385528,3,0.066972,0.066972
ASV644,ASV644,,5,0.35743,0.378197,346.620473,4,0.030464,0.030464
ASV646,ASV646,,4,0.353977,0.372793,285.214694,8,0.024411,0.024411
ASV648,ASV648,,4,0.356407,0.377073,444.215389,2,0.02434,0.024339
ASV649,ASV649,,4,0.333869,0.35206,166.475107,5,0.01494,0.01494
ASV65,ASV65,,4,0.380574,0.407838,719.31956,1,0.068274,0.068274
ASV651,ASV651,,4,0.355594,0.378143,396.394552,2,0.02808,0.02808
ASV653,ASV653,,4,0.343251,0.364232,197.756695,3,0.029045,0.029045
ASV654,ASV654,,4,0.352376,0.373194,290.965438,8,0.028575,0.028575
ASV656,ASV656,,4,0.375981,0.400348,718.577433,7,0.04245,0.042449
ASV657,ASV657,,4,0.358046,0.379213,317.86904,3,0.031174,0.031174
ASV659,ASV659,,4,0.356816,0.379615,532.747588,4,0.03077,0.03077
ASV66,ASV66,,4,0.370172,0.394195,607.532347,3,0.044645,0.044646
ASV663,ASV663,,4,0.361789,0.382558,404.492819,0,0.031041,0.031041
ASV664,ASV664,,4,0.358458,0.37908,329.072288,8,0.030752,0.030751
ASV668,ASV668,,4,0.352575,0.372927,446.915144,4,0.023706,0.023706
ASV674,ASV674,,4,0.35158,0.372793,351.725527,2,0.026328,0.026327
ASV679,ASV679,,4,0.331559,0.350187,144.715585,8,0.01747,0.01747
ASV68,ASV68,,4,0.364115,0.38443,453.650164,7,0.029838,0.029837
ASV681,ASV681,,4,0.33988,0.360086,220.188449,1,0.021341,0.021341
ASV682,ASV682,,4,0.353776,0.373863,333.481468,4,0.023239,0.023239
ASV684,ASV684,,4,0.359285,0.381086,531.663315,3,0.029147,0.029147
ASV685,ASV685,,4,0.355391,0.375468,343.905419,2,0.023329,0.023329
ASV686,ASV686,,4,0.354179,0.373863,350.186525,6,0.023415,0.023415
ASV687,ASV687,,4,0.348824,0.369449,371.854495,4,0.024751,0.02475
ASV689,ASV689,,4,0.352975,0.373328,361.777097,3,0.026525,0.026526
ASV692,ASV692,,4,0.369295,0.398341,922.844984,4,0.054635,0.054634
ASV694,ASV694,,4,0.358046,0.378411,553.957633,4,0.024279,0.024279
ASV695,ASV695,,4,0.371275,0.396067,613.795829,8,0.042195,0.042194
ASV697,ASV697,,4,0.364327,0.386169,426.134878,0,0.033427,0.033427
ASV698,ASV698,,4,0.341557,0.363965,315.034291,1,0.024594,0.024594
ASV699,ASV699,,4,0.376208,0.403959,1007.290515,2,0.04598,0.04598
ASV7,ASV7,,4,0.378493,0.405029,610.901391,6,0.060902,0.060902
ASV70,ASV70,,4,0.353977,0.376271,419.023376,1,0.031746,0.031746
ASV700,ASV700,,4,0.336393,0.353799,205.978404,5,0.014134,0.014134
ASV701,ASV701,,4,0.344009,0.36557,391.28528,5,0.02089,0.020889
ASV702,ASV702,,4,0.364541,0.389513,528.028121,8,0.041171,0.041171
ASV703,ASV703,,4,0.346882,0.365302,343.403629,5,0.018715,0.018715
ASV704,ASV704,,4,0.363265,0.386035,484.379768,1,0.038538,0.038538
ASV705,ASV705,,4,0.353375,0.37199,266.325493,0,0.025203,0.025203
ASV708,ASV708,,4,0.375981,0.40115,817.720817,2,0.041164,0.041164
ASV710,ASV710,,4,0.367118,0.390717,729.979575,5,0.035938,0.035938
ASV712,ASV712,,4,0.346111,0.365035,299.317077,2,0.01973,0.01973
ASV713,ASV713,,4,0.369733,0.392723,659.981885,1,0.035816,0.035816
ASV714,ASV714,,5,0.328586,0.349973,135.871407,4,0.020967,0.020966
ASV718,ASV718,,4,0.347462,0.36771,361.525545,4,0.02013,0.02013
ASV719,ASV719,,4,0.37485,0.399545,893.474268,8,0.037294,0.037293
ASV72,ASV72,,4,0.379184,0.409176,863.870332,0,0.07959,0.079591
ASV720,ASV720,,4,0.346304,0.368111,318.244214,4,0.023627,0.023626
ASV721,ASV721,,4,0.336212,0.355671,272.316524,5,0.016471,0.016471
ASV722,ASV722,,4,0.357635,0.383628,951.683847,1,0.043459,0.043458
ASV724,ASV724,,4,0.36242,0.3855,634.220399,4,0.029722,0.029722
ASV726,ASV726,,4,0.347269,0.36664,270.608923,4,0.022734,0.022734
ASV728,ASV728,,4,0.346111,0.365436,223.656119,3,0.021834,0.021834
ASV73,ASV73,,4,0.38792,0.416667,1128.908162,3,0.064583,0.064583
ASV732,ASV732,,4,0.364115,0.386303,540.213318,3,0.031988,0.031988
ASV733,ASV733,,4,0.367335,0.390449,546.172421,0,0.039686,0.039686
ASV734,ASV734,,4,0.363477,0.386838,708.851297,1,0.03455,0.034549
ASV736,ASV736,,4,0.357225,0.379481,755.205261,6,0.026158,0.026158
ASV737,ASV737,,4,0.35158,0.372124,332.24675,1,0.022338,0.022338
ASV738,ASV738,,4,0.366471,0.393258,708.670234,6,0.056002,0.056003
ASV74,ASV74,,4,0.364327,0.386838,397.623318,4,0.0381,0.0381
ASV740,ASV740,,4,0.358252,0.379481,445.888285,7,0.028216,0.028216
ASV743,ASV743,,4,0.326349,0.342295,99.577218,4,0.010704,0.010704
ASV744,ASV744,,4,0.350197,0.369984,462.3414,8,0.019398,0.019398
ASV746,ASV746,,4,0.358458,0.381487,652.022896,5,0.025778,0.025777
ASV747,ASV747,,4,0.366902,0.389246,521.633763,0,0.034463,0.034463
ASV749,ASV749,,4,0.335668,0.358079,277.301863,6,0.023925,0.023926
ASV750,ASV750,,4,0.390596,0.42068,1387.443189,8,0.068823,0.068823
ASV751,ASV751,,4,0.356,0.374666,543.086334,5,0.017875,0.017875
ASV752,ASV752,,4,0.367769,0.391252,832.075789,8,0.031645,0.031645
ASV754,ASV754,,4,0.345152,0.365169,250.157073,3,0.02275,0.02275
ASV756,ASV756,,4,0.359492,0.38122,636.775056,1,0.026416,0.026416
ASV760,ASV760,,4,0.361579,0.383761,507.346131,4,0.031513,0.031513
ASV762,ASV762,,4,0.368421,0.39152,782.564383,0,0.032663,0.032663
ASV763,ASV763,,4,0.331913,0.351257,252.699557,5,0.013784,0.013784
ASV766,ASV766,,4,0.364115,0.386035,364.579432,0,0.035867,0.035867
ASV769,ASV769,,4,0.353575,0.373596,225.510698,0,0.031165,0.031165
ASV77,ASV77,,4,0.364754,0.387239,388.715916,8,0.042972,0.042972
ASV770,ASV770,,4,0.37194,0.39794,713.593881,0,0.052922,0.052923
ASV772,ASV772,,4,0.340623,0.35741,213.225855,7,0.014355,0.014355
ASV773,ASV773,,4,0.36095,0.381354,529.407225,8,0.023917,0.023917
ASV774,ASV774,,4,0.378264,0.405698,959.629889,7,0.0577,0.0577
ASV775,ASV775,,4,0.366255,0.390449,461.887051,7,0.045365,0.045366
ASV776,ASV776,,4,0.365396,0.388577,745.069312,5,0.03043,0.03043
ASV777,ASV777,,4,0.361789,0.384296,478.354273,3,0.032092,0.032092
ASV778,ASV778,,4,0.344961,0.365169,401.733335,4,0.018994,0.018993
ASV779,ASV779,,4,0.360532,0.383226,608.696846,5,0.026534,0.026534
ASV78,ASV78,,4,0.379415,0.405832,990.175053,6,0.046989,0.046989
ASV781,ASV781,,4,0.363902,0.389112,484.251452,4,0.041919,0.041918
ASV783,ASV783,,4,0.364541,0.389112,865.00279,3,0.033333,0.033333
ASV785,ASV785,,4,0.351382,0.374131,310.989663,5,0.026713,0.026713
ASV786,ASV786,,4,0.348824,0.368379,363.62278,1,0.02053,0.02053
ASV787,ASV787,,4,0.336939,0.356073,336.044985,1,0.016424,0.016424
ASV788,ASV788,,4,0.351184,0.36985,305.872435,5,0.020395,0.020395
ASV789,ASV789,,4,0.35702,0.37801,413.461488,5,0.026757,0.026757
ASV79,ASV79,,4,0.390596,0.421348,1511.682919,4,0.072528,0.072527
ASV793,ASV793,,4,0.331559,0.351792,173.440047,6,0.023079,0.023079
ASV798,ASV798,,4,0.362209,0.384698,426.444425,7,0.036339,0.036339
ASV8,ASV8,,4,0.39207,0.423087,1077.330752,8,0.087935,0.087935
ASV80,ASV80,,4,0.367769,0.392456,704.886196,6,0.043366,0.043367
ASV800,ASV800,,4,0.359492,0.381621,686.455213,1,0.027768,0.027768
ASV801,ASV801,,4,0.376435,0.40222,632.254703,0,0.058958,0.058958
ASV802,ASV802,,4,0.36242,0.384029,376.572719,2,0.03447,0.034469
ASV804,ASV804,,4,0.377119,0.40115,695.053838,3,0.041921,0.041921
ASV806,ASV806,,4,0.364115,0.387239,732.096932,5,0.029956,0.029955
ASV809,ASV809,,4,0.360324,0.385367,526.372317,4,0.035761,0.035761
ASV810,ASV810,,4,0.361999,0.384698,470.577033,8,0.03123,0.03123
ASV811,ASV811,,4,0.35784,0.379615,535.927991,7,0.025663,0.025663
ASV816,ASV816,,4,0.340996,0.360754,217.477723,7,0.024336,0.024337
ASV817,ASV817,,4,0.368421,0.394061,821.817186,0,0.038955,0.038955
ASV818,ASV818,,4,0.363477,0.390583,692.49307,4,0.041304,0.041304
ASV819,ASV819,,4,0.369733,0.392857,771.978731,6,0.033229,0.033229
ASV820,ASV820,,4,0.336212,0.356742,261.173558,1,0.019484,0.019483
ASV821,ASV821,,4,0.367118,0.391653,541.435192,4,0.044058,0.044057
ASV822,ASV822,,4,0.352376,0.374131,165.669481,8,0.039569,0.039568
ASV826,ASV826,,4,0.362631,0.382558,310.899066,7,0.030869,0.030869
ASV828,ASV828,,4,0.352775,0.373194,328.319142,6,0.024136,0.024136
ASV829,ASV829,,4,0.362842,0.38336,407.143962,8,0.029253,0.029253
ASV830,ASV830,,5,0.301549,0.315597,51.925938,8,0.005427,0.005427
ASV831,ASV831,,4,0.341932,0.361156,349.677721,5,0.016647,0.016647
ASV832,ASV832,,4,0.337669,0.3542,174.142184,5,0.014303,0.014303
ASV833,ASV833,,4,0.33951,0.35634,187.81942,8,0.016063,0.016063
ASV834,ASV834,,4,0.378493,0.405564,879.221002,3,0.046584,0.046584
ASV835,ASV835,,4,0.35702,0.37908,589.513477,1,0.024373,0.024373
ASV838,ASV838,,4,0.34785,0.366239,268.304918,1,0.018174,0.018174
ASV839,ASV839,,4,0.355594,0.377742,512.713904,7,0.025034,0.025033
ASV84,ASV84,,4,0.369952,0.395131,555.085095,0,0.048698,0.048698
ASV840,ASV840,,4,0.368639,0.394462,954.938012,5,0.036447,0.036447
ASV844,ASV844,,4,0.374624,0.400214,835.3817,2,0.040189,0.040188
ASV845,ASV845,,4,0.35,0.373596,199.817419,0,0.043966,0.043967
ASV848,ASV848,,4,0.374624,0.400482,835.827168,4,0.044904,0.044903
ASV849,ASV849,,4,0.335307,0.357812,254.2497,4,0.022631,0.02263
ASV85,ASV85,,4,0.372831,0.398876,507.058021,8,0.058179,0.058179
ASV850,ASV850,,4,0.360741,0.382959,399.892751,8,0.031766,0.031765
ASV851,ASV851,,4,0.363902,0.388443,685.012661,7,0.040662,0.040662
ASV852,ASV852,,4,0.354179,0.375201,271.129943,2,0.030099,0.030098
ASV853,ASV853,,4,0.35158,0.377073,288.378774,6,0.0506,0.050601
ASV855,ASV855,,4,0.384331,0.414125,1559.98088,5,0.057989,0.057989
ASV856,ASV856,,4,0.349607,0.372927,441.85314,4,0.027173,0.027172
ASV858,ASV858,,4,0.343629,0.365837,219.128527,4,0.027176,0.027176
ASV859,ASV859,,4,0.358871,0.38015,627.236776,4,0.022088,0.022088
ASV86,ASV86,,4,0.382678,0.409042,728.065665,8,0.063797,0.063797
ASV860,ASV860,,4,0.350197,0.371188,393.368016,6,0.026959,0.026959
ASV862,ASV862,,4,0.359908,0.382156,425.86228,4,0.027876,0.027875
ASV865,ASV865,,4,0.373277,0.398074,768.258613,8,0.038619,0.038619
ASV866,ASV866,,5,0.327378,0.349839,214.897791,4,0.01766,0.01766
ASV867,ASV867,,5,0.321134,0.33847,95.46607,4,0.011827,0.011826
ASV869,ASV869,,4,0.339695,0.359417,225.369027,5,0.018881,0.018881
ASV871,ASV871,,4,0.33209,0.348716,137.83846,4,0.013391,0.013391
ASV872,ASV872,,4,0.34902,0.369181,374.59169,6,0.022123,0.022123
ASV879,ASV879,,4,0.353575,0.374799,508.159561,8,0.022758,0.022758
ASV88,ASV88,,4,0.366471,0.389379,630.798698,1,0.041232,0.041231
ASV882,ASV882,,4,0.356611,0.379347,398.472131,0,0.034225,0.034226
ASV883,ASV883,,4,0.374624,0.400615,711.141081,7,0.053742,0.053742
ASV884,ASV884,,4,0.347269,0.365704,278.710062,2,0.020043,0.020043
ASV887,ASV887,,4,0.348045,0.367309,306.210542,5,0.019022,0.019022
ASV89,ASV89,,4,0.384094,0.412253,1103.844365,1,0.067367,0.067366
ASV890,ASV890,,4,0.332444,0.352327,297.314427,6,0.017977,0.017977
ASV893,ASV893,,4,0.365182,0.388978,592.816867,6,0.040478,0.040478
ASV895,ASV895,,4,0.372831,0.398609,725.096744,7,0.046117,0.046117
ASV896,ASV896,,4,0.367986,0.390851,741.50169,5,0.033144,0.033144
ASV897,ASV897,,4,0.334048,0.351926,94.282343,6,0.018623,0.018623
ASV899,ASV899,,4,0.374174,0.398876,770.788543,2,0.046454,0.046454
ASV9,ASV9,,4,0.382209,0.407838,841.40113,4,0.055025,0.055024
ASV90,ASV90,,4,0.386476,0.412921,1006.956245,7,0.055656,0.055656
ASV904,ASV904,,4,0.334766,0.357143,224.666302,6,0.030002,0.030002
ASV908,ASV908,,4,0.350788,0.373729,366.408123,4,0.028046,0.028045
ASV909,ASV909,,4,0.370392,0.396602,711.288487,2,0.047211,0.047211
ASV91,ASV91,,4,0.37485,0.398609,862.643156,6,0.042005,0.042006
ASV911,ASV911,,4,0.351382,0.374532,535.692034,5,0.023906,0.023906
ASV912,ASV912,,4,0.375075,0.400348,636.83132,3,0.046632,0.046632
ASV913,ASV913,,4,0.349411,0.370251,202.854525,0,0.034372,0.034373
ASV914,ASV914,,4,0.368203,0.391386,566.060608,4,0.032854,0.032854
ASV915,ASV915,,4,0.344199,0.363697,434.291277,1,0.021326,0.021326
ASV917,ASV917,,4,0.358046,0.381621,482.724688,6,0.035973,0.035974
ASV918,ASV918,,4,0.330329,0.350856,307.073789,5,0.015314,0.015314
ASV92,ASV92,,4,0.375527,0.401284,756.362035,3,0.04977,0.04977
ASV921,ASV921,,4,0.346496,0.365035,235.550771,1,0.01927,0.01927
ASV923,ASV923,,4,0.351779,0.372927,487.803833,4,0.022118,0.022118
ASV925,ASV925,,4,0.367552,0.390316,530.838404,3,0.036522,0.036522
ASV927,ASV927,,5,0.331913,0.352247,235.439119,4,0.017347,0.017347
ASV928,ASV928,,5,0.331736,0.349572,155.053325,7,0.016049,0.016049
ASV929,ASV929,,4,0.342496,0.361691,252.555527,1,0.021236,0.021236
ASV93,ASV93,,4,0.3597,0.380819,499.68705,1,0.029467,0.029466
ASV931,ASV931,,4,0.350788,0.376538,497.055886,4,0.035734,0.035734
ASV936,ASV936,,4,0.352775,0.372793,368.052296,6,0.022637,0.022637
ASV940,ASV940,,4,0.350591,0.370653,408.288298,5,0.022301,0.0223
ASV942,ASV942,,4,0.360741,0.381755,617.375783,4,0.024446,0.024446
ASV95,ASV95,,4,0.38552,0.413323,1134.001741,4,0.058597,0.058597
ASV950,ASV950,,4,0.340437,0.361423,191.647812,4,0.024743,0.024742
ASV951,ASV951,,4,0.341183,0.365035,393.320351,4,0.022496,0.022495
ASV954,ASV954,,4,0.358664,0.377742,366.47163,0,0.024506,0.024506
ASV955,ASV955,,4,0.350788,0.373462,438.686675,4,0.026901,0.026901
ASV958,ASV958,,4,0.351977,0.373328,530.046806,1,0.021557,0.021556
ASV959,ASV959,,4,0.33951,0.362761,369.844212,4,0.024335,0.024334
ASV96,ASV96,,4,0.36561,0.389914,534.47566,8,0.042171,0.042171
ASV966,ASV966,,4,0.347656,0.36878,293.98712,6,0.025277,0.025277
ASV969,ASV969,,4,0.366902,0.392456,690.460073,6,0.042759,0.04276
ASV97,ASV97,,4,0.375527,0.399813,673.177344,2,0.044354,0.044354
ASV970,ASV970,,4,0.378264,0.405564,1218.894463,1,0.045693,0.045693
ASV977,ASV977,,4,0.338219,0.356875,318.180865,5,0.015654,0.015654
ASV98,ASV98,,4,0.362842,0.384029,438.537588,6,0.033925,0.033926
ASV99,ASV99,,4,0.372385,0.396736,898.820204,4,0.044116,0.044116
ASV993,ASV993,,4,0.370392,0.397004,935.216687,6,0.044549,0.04455
ASV994,ASV994,,4,0.363477,0.385099,604.755625,8,0.026258,0.026258
