Id,Label,timeset,Eccentricity,closnesscentrality,harmonicclosnesscentrality,betweenesscentrality,modularity_class
ASV100,ASV100,,4,0.371886,0.396996,690.288828,5
ASV1001,ASV1001,,4,0.358286,0.37932,314.864539,0
ASV1002,ASV1002,,5,0.302314,0.31882,39.831089,0
ASV1003,ASV1003,,4,0.364111,0.386895,572.877152,4
ASV1005,ASV1005,,5,0.32088,0.33857,129.730651,0
ASV101,ASV101,,4,0.380461,0.408426,920.205825,1
ASV1018,ASV1018,,4,0.345074,0.365763,384.914296,4
ASV1025,ASV1025,,4,0.354037,0.379452,434.82773,4
ASV1029,ASV1029,,4,0.363268,0.387161,547.644557,4
ASV103,ASV103,,4,0.364747,0.387693,394.42355,0
ASV1036,ASV1036,,5,0.358901,0.383626,594.778512,0
ASV104,ASV104,,4,0.369912,0.394604,711.076613,6
ASV1040,ASV1040,,4,0.355846,0.376528,423.45564,0
ASV1050,ASV1050,,4,0.335115,0.352605,228.912075,1
ASV1053,ASV1053,,4,0.350475,0.371744,265.855782,1
ASV1059,ASV1059,,4,0.359518,0.381313,305.161135,0
ASV106,ASV106,,4,0.383956,0.414274,1303.641845,0
ASV1077,ASV1077,,4,0.3618,0.386231,603.442957,4
ASV108,ASV108,,4,0.375899,0.40218,630.42233,0
ASV109,ASV109,,4,0.375449,0.401116,751.482698,0
ASV11,ASV11,,4,0.384191,0.410952,936.825132,5
ASV110,ASV110,,4,0.378623,0.404173,853.757145,5
ASV111,ASV111,,4,0.373659,0.397661,626.884587,1
ASV112,ASV112,,4,0.371445,0.396332,717.005525,4
ASV113,ASV113,,4,0.341503,0.36244,293.499377,0
ASV116,ASV116,,4,0.377711,0.401515,782.75434,3
ASV1166,ASV1166,,4,0.325884,0.342637,158.754239,2
ASV118,ASV118,,4,0.319572,0.33639,161.144458,0
ASV119,ASV119,,4,0.38023,0.407762,893.355154,5
ASV12,ASV12,,4,0.372992,0.399256,626.16448,1
ASV120,ASV120,,4,0.381387,0.407895,803.880591,0
ASV121,ASV121,,4,0.371226,0.396996,549.642358,0
ASV122,ASV122,,4,0.367096,0.392743,742.084547,4
ASV123,ASV123,,4,0.370348,0.394205,699.406475,3
ASV124,ASV124,,4,0.366025,0.390218,412.415645,6
ASV125,ASV125,,4,0.353837,0.372807,311.280994,5
ASV126,ASV126,,4,0.364535,0.389421,491.147557,1
ASV127,ASV127,,4,0.364535,0.3853,507.695004,6
ASV129,ASV129,,4,0.351064,0.369617,199.879502,1
ASV13,ASV13,,4,0.373437,0.398325,709.822807,5
ASV133,ASV133,,4,0.320716,0.337453,104.572539,6
ASV134,ASV134,,4,0.348527,0.368022,213.844033,1
ASV135,ASV135,,4,0.37013,0.394338,675.869324,6
ASV136,ASV136,,4,0.382784,0.410686,847.749977,0
ASV138,ASV138,,4,0.373437,0.397262,585.646971,5
ASV141,ASV141,,4,0.373882,0.399787,597.01903,1
ASV142,ASV142,,4,0.375674,0.400319,774.684028,5
ASV143,ASV143,,4,0.372549,0.396332,534.920998,4
ASV146,ASV146,,4,0.378623,0.405768,1052.238371,0
ASV147,ASV147,,4,0.37931,0.407895,1084.746176,1
ASV149,ASV149,,4,0.350279,0.373206,389.030844,0
ASV15,ASV15,,4,0.383018,0.410154,1070.29017,0
ASV153,ASV153,,4,0.359312,0.380117,430.906613,5
ASV154,ASV154,,4,0.378623,0.406831,830.736882,1
ASV156,ASV156,,4,0.361175,0.381446,307.549104,5
ASV158,ASV158,,4,0.365598,0.388756,472.266831,5
ASV159,ASV159,,4,0.349109,0.370813,181.746605,3
ASV160,ASV160,,4,0.366667,0.387294,428.04218,6
ASV161,ASV161,,4,0.377939,0.403907,670.460782,1
ASV162,ASV162,,4,0.394836,0.424375,1497.813286,1
ASV163,ASV163,,4,0.382784,0.409224,1026.383021,3
ASV166,ASV166,,4,0.372107,0.396465,519.113651,4
ASV167,ASV167,,4,0.388476,0.416534,1168.949995,6
ASV169,ASV169,,4,0.37931,0.403907,736.775532,6
ASV17,ASV17,,4,0.372771,0.396863,412.517182,5
ASV170,ASV170,,4,0.378395,0.404439,888.053133,6
ASV172,ASV172,,5,0.368174,0.392265,752.461614,4
ASV173,ASV173,,4,0.388717,0.417996,1178.059269,0
ASV177,ASV177,,4,0.380692,0.4063,670.143575,1
ASV179,ASV179,,4,0.357469,0.378389,403.90666,0
ASV18,ASV18,,4,0.387037,0.416135,861.232925,1
ASV181,ASV181,,4,0.375224,0.401116,643.884041,1
ASV182,ASV182,,4,0.344884,0.364965,278.265255,4
ASV185,ASV185,,4,0.365172,0.388889,617.864786,1
ASV187,ASV187,,4,0.382084,0.407762,841.267857,1
ASV19,ASV19,,4,0.39212,0.424242,1557.208266,5
ASV190,ASV190,,4,0.371666,0.393674,564.510682,5
ASV191,ASV191,,4,0.370348,0.394604,711.966426,0
ASV193,ASV193,,4,0.35625,0.375465,504.727266,1
ASV194,ASV194,,4,0.392611,0.42278,1386.177309,1
ASV197,ASV197,,4,0.358696,0.381047,451.516521,6
ASV198,ASV198,,4,0.371886,0.395933,804.668167,1
ASV2,ASV2,,4,0.38023,0.406433,857.003431,0
ASV200,ASV200,,4,0.367742,0.390351,497.845312,0
ASV201,ASV201,,4,0.35504,0.374934,211.154434,1
ASV203,ASV203,,4,0.360138,0.381712,481.939878,4
ASV204,ASV204,,4,0.346984,0.368022,243.19801,0
ASV206,ASV206,,4,0.367311,0.391813,660.305969,3
ASV207,ASV207,,4,0.3466,0.365364,401.870946,4
ASV209,ASV209,,4,0.374328,0.398724,840.833916,5
ASV21,ASV21,,4,0.365811,0.391547,420.955035,0
ASV210,ASV210,,4,0.365385,0.386497,365.675254,2
ASV211,ASV211,,4,0.372992,0.397395,718.79439,1
ASV213,ASV213,,4,0.370787,0.395401,480.262124,5
ASV214,ASV214,,4,0.366238,0.38756,406.72773,0
ASV215,ASV215,,4,0.359518,0.379718,410.623582,1
ASV217,ASV217,,4,0.364959,0.386364,575.799389,5
ASV219,ASV219,,4,0.358901,0.383041,347.597471,4
ASV22,ASV22,,4,0.353041,0.371345,269.169792,5
ASV221,ASV221,,4,0.346984,0.367358,260.092044,3
ASV222,ASV222,,4,0.368607,0.395003,741.744651,1
ASV223,ASV223,,4,0.380461,0.405901,891.292499,5
ASV226,ASV226,,4,0.365811,0.391148,666.461322,4
ASV227,ASV227,,4,0.338188,0.356326,141.634456,1
ASV228,ASV228,,4,0.368174,0.391946,830.245049,3
ASV229,ASV229,,4,0.37931,0.4063,865.087336,5
ASV23,ASV23,,4,0.383486,0.411483,906.105915,1
ASV231,ASV231,,4,0.366238,0.389421,780.373735,4
ASV232,ASV232,,4,0.359518,0.382908,375.969007,0
ASV233,ASV233,,4,0.375224,0.400984,1095.192775,1
ASV236,ASV236,,4,0.371886,0.396863,576.029286,1
ASV237,ASV237,,4,0.383956,0.411085,809.159077,0
ASV238,ASV238,,4,0.376803,0.404306,1130.550633,4
ASV239,ASV239,,4,0.365811,0.386629,398.943782,6
ASV24,ASV24,,4,0.378852,0.405768,849.330382,1
ASV240,ASV240,,5,0.357673,0.378575,291.819551,0
ASV243,ASV243,,4,0.363268,0.385699,469.172812,3
ASV244,ASV244,,4,0.348721,0.368421,223.987166,3
ASV245,ASV245,,4,0.377483,0.401515,698.715475,6
ASV246,ASV246,,4,0.383252,0.410154,947.734947,1
ASV247,ASV247,,4,0.372549,0.397794,563.761421,1
ASV249,ASV249,,4,0.359107,0.380649,503.083575,3
ASV251,ASV251,,4,0.358901,0.383307,568.216921,1
ASV252,ASV252,,4,0.361592,0.382243,323.39289,5
ASV253,ASV253,,5,0.372992,0.399176,529.876856,0
ASV254,ASV254,,4,0.358491,0.382642,626.585784,5
ASV255,ASV255,,4,0.387037,0.416534,923.955476,1
ASV256,ASV256,,4,0.363057,0.383838,269.061837,6
ASV257,ASV257,,4,0.378623,0.402844,853.982795,5
ASV258,ASV258,,4,0.357877,0.379718,359.575123,1
ASV261,ASV261,,4,0.377256,0.401116,620.469805,2
ASV262,ASV262,,4,0.385846,0.412812,1070.507676,5
ASV264,ASV264,,4,0.371445,0.395136,437.334647,1
ASV265,ASV265,,4,0.357877,0.379054,432.952619,4
ASV267,ASV267,,4,0.349109,0.370282,219.604797,1
ASV269,ASV269,,4,0.379081,0.406566,1021.449831,4
ASV27,ASV27,,4,0.371666,0.396066,568.299898,5
ASV271,ASV271,,4,0.376803,0.401249,750.206972,6
ASV275,ASV275,,4,0.349498,0.369351,348.953832,6
ASV276,ASV276,,4,0.368607,0.39261,554.393475,4
ASV277,ASV277,,4,0.395584,0.426103,1427.087664,5
ASV278,ASV278,,4,0.351655,0.374402,507.455033,2
ASV279,ASV279,,4,0.370787,0.393806,430.137209,1
ASV28,ASV28,,4,0.372771,0.398591,739.823081,1
ASV283,ASV283,,4,0.37977,0.404971,823.271483,5
ASV284,ASV284,,4,0.385846,0.413477,990.820528,5
ASV285,ASV285,,4,0.362009,0.381712,345.749468,1
ASV286,ASV286,,4,0.382784,0.408958,815.337188,6
ASV287,ASV287,,4,0.367958,0.389686,385.440587,3
ASV288,ASV288,,5,0.362009,0.385885,577.554627,3
ASV290,ASV290,,4,0.38255,0.408293,752.175554,5
ASV291,ASV291,,4,0.383486,0.412148,932.997773,1
ASV292,ASV292,,4,0.377256,0.402313,752.058598,0
ASV293,ASV293,,5,0.349693,0.369006,243.076494,6
ASV295,ASV295,,4,0.349888,0.368288,312.581255,5
ASV296,ASV296,,4,0.34814,0.364567,186.04849,1
ASV297,ASV297,,4,0.363689,0.386098,443.294429,1
ASV298,ASV298,,4,0.362637,0.383573,375.301262,6
ASV30,ASV30,,4,0.360759,0.381579,553.727512,5
ASV300,ASV300,,4,0.371006,0.394471,499.495269,1
ASV301,ASV301,,4,0.365172,0.389022,477.050512,4
ASV305,ASV305,,4,0.368607,0.389952,720.440601,6
ASV306,ASV306,,4,0.361383,0.383838,468.587729,6
ASV308,ASV308,,4,0.356858,0.380649,407.212578,5
ASV309,ASV309,,4,0.396083,0.426502,1351.255896,6
ASV31,ASV31,,4,0.363689,0.385035,497.159505,5
ASV311,ASV311,,4,0.367742,0.390883,697.58581,6
ASV314,ASV314,,4,0.387755,0.418262,1287.839493,1
ASV315,ASV315,,4,0.380923,0.406964,906.608446,0
ASV316,ASV316,,4,0.373659,0.396332,620.961762,1
ASV317,ASV317,,4,0.331395,0.352339,73.418577,0
ASV318,ASV318,,4,0.361592,0.383041,494.264718,3
ASV319,ASV319,,4,0.369912,0.393009,594.585477,5
ASV32,ASV32,,4,0.353041,0.371079,215.016619,5
ASV324,ASV324,,4,0.365811,0.388623,535.609481,0
ASV325,ASV325,,4,0.368174,0.390218,486.859276,6
ASV326,ASV326,,4,0.365811,0.387693,546.503445,6
ASV328,ASV328,,4,0.360345,0.381845,454.72861,5
ASV330,ASV330,,4,0.331395,0.352472,200.847213,4
ASV331,ASV331,,4,0.371666,0.399522,712.956023,0
ASV332,ASV332,,4,0.375674,0.40404,798.540394,0
ASV333,ASV333,,4,0.373214,0.39899,782.14363,6
ASV334,ASV334,,4,0.365598,0.387028,390.134265,5
ASV335,ASV335,,4,0.373882,0.39992,682.131295,0
ASV337,ASV337,,4,0.366881,0.388889,304.335512,1
ASV339,ASV339,,4,0.357469,0.382908,461.648583,4
ASV34,ASV34,,4,0.371666,0.39673,456.154175,1
ASV342,ASV342,,4,0.392365,0.420787,1344.875667,3
ASV344,ASV344,,4,0.356048,0.383041,423.535274,0
ASV345,ASV345,,4,0.366238,0.389819,682.349399,1
ASV346,ASV346,,4,0.354839,0.374535,356.271899,3
ASV348,ASV348,,4,0.377711,0.404838,875.685459,3
ASV349,ASV349,,4,0.354839,0.376528,480.222523,6
ASV350,ASV350,,4,0.360759,0.381313,444.635081,5
ASV351,ASV351,,4,0.368824,0.390085,507.261286,6
ASV353,ASV353,,4,0.377939,0.40723,904.326952,0
ASV355,ASV355,,4,0.384663,0.410952,1003.695577,6
ASV356,ASV356,,4,0.38,0.407097,823.047475,5
ASV357,ASV357,,4,0.364959,0.388224,538.008675,0
ASV358,ASV358,,4,0.376125,0.403376,677.750491,0
ASV359,ASV359,,4,0.375,0.398724,701.222352,1
ASV36,ASV36,,4,0.362847,0.385035,292.200447,0
ASV362,ASV362,,4,0.346792,0.365896,224.227496,3
ASV363,ASV363,,4,0.362428,0.384636,462.673413,6
ASV364,ASV364,,4,0.358286,0.379187,518.321637,4
ASV365,ASV365,,4,0.355442,0.381047,441.211868,0
ASV366,ASV366,,4,0.372549,0.398724,1003.723792,4
ASV367,ASV367,,4,0.372992,0.399654,677.218212,3
ASV368,ASV368,,4,0.384899,0.415338,858.564601,0
ASV370,ASV370,,4,0.371666,0.394737,665.382568,5
ASV372,ASV372,,4,0.393103,0.422913,1423.775988,6
ASV373,ASV373,,4,0.377256,0.402711,814.569472,1
ASV374,ASV374,,4,0.343186,0.361244,145.960599,0
ASV375,ASV375,,4,0.384899,0.412148,975.260647,5
ASV376,ASV376,,4,0.372107,0.39899,835.748999,0
ASV378,ASV378,,4,0.376125,0.401116,665.407997,5
ASV379,ASV379,,4,0.302023,0.317916,139.696669,4
ASV38,ASV38,,4,0.366881,0.391946,783.618245,4
ASV381,ASV381,,4,0.374328,0.401914,998.500703,4
ASV382,ASV382,,4,0.315551,0.331738,50.582672,2
ASV383,ASV383,,4,0.33746,0.355662,275.435354,5
ASV386,ASV386,,4,0.377711,0.402313,764.515674,3
ASV387,ASV387,,4,0.326733,0.347422,138.587548,4
ASV388,ASV388,,4,0.357062,0.378655,424.335295,4
ASV389,ASV389,,4,0.365811,0.390351,536.919026,4
ASV39,ASV39,,4,0.377256,0.403907,730.436665,5
ASV391,ASV391,,4,0.363057,0.388091,629.731653,0
ASV392,ASV392,,4,0.332097,0.352073,245.396077,2
ASV393,ASV393,,4,0.372549,0.39673,839.623758,2
ASV395,ASV395,,4,0.371886,0.393806,628.578283,6
ASV396,ASV396,,4,0.370787,0.393939,713.919905,2
ASV398,ASV398,,4,0.341317,0.363238,401.161156,4
ASV399,ASV399,,4,0.359107,0.379984,365.107503,6
ASV40,ASV40,,4,0.375224,0.400718,766.338762,5
ASV400,ASV400,,5,0.310089,0.327539,108.209962,2
ASV401,ASV401,,4,0.351064,0.370282,271.596091,3
ASV402,ASV402,,4,0.353439,0.37387,411.750452,1
ASV403,ASV403,,4,0.369258,0.391813,558.456885,3
ASV404,ASV404,,4,0.371666,0.395003,894.250497,6
ASV405,ASV405,,4,0.354438,0.37706,357.372235,3
ASV407,ASV407,,4,0.357265,0.382376,308.794235,0
ASV41,ASV41,,4,0.372771,0.397794,502.655569,4
ASV410,ASV410,,4,0.381155,0.407762,1008.745646,5
ASV411,ASV411,,4,0.375899,0.40404,802.625696,0
ASV412,ASV412,,4,0.355846,0.376794,463.34862,2
ASV413,ASV413,,4,0.366025,0.388357,580.801517,6
ASV415,ASV415,,4,0.364323,0.387294,686.452271,4
ASV416,ASV416,,4,0.358696,0.382642,392.961936,1
ASV417,ASV417,,4,0.36839,0.392212,461.60537,1
ASV418,ASV418,,4,0.34375,0.361909,311.266308,3
ASV419,ASV419,,4,0.371445,0.393939,699.804152,0
ASV421,ASV421,,4,0.370567,0.396863,856.293767,4
ASV422,ASV422,,4,0.350867,0.373472,230.725673,3
ASV423,ASV423,,4,0.365172,0.387161,533.385854,6
ASV424,ASV424,,4,0.375674,0.400851,866.656538,6
ASV425,ASV425,,4,0.369912,0.393009,663.129644,0
ASV426,ASV426,,4,0.373659,0.398325,685.525321,6
ASV427,ASV427,,4,0.33746,0.355795,267.802477,2
ASV429,ASV429,,4,0.370787,0.393939,580.958025,2
ASV430,ASV430,,4,0.361175,0.383041,415.273696,6
ASV432,ASV432,,4,0.359725,0.382509,292.271252,0
ASV434,ASV434,,4,0.35625,0.379585,422.119915,4
ASV435,ASV435,,4,0.359107,0.38025,434.977537,3
ASV437,ASV437,,4,0.368824,0.392477,707.351406,5
ASV44,ASV44,,4,0.383956,0.410819,881.986731,1
ASV440,ASV440,,4,0.374105,0.39806,845.921249,1
ASV441,ASV441,,5,0.303926,0.318953,25.546778,6
ASV443,ASV443,,4,0.374552,0.397927,599.150626,0
ASV444,ASV444,,4,0.363268,0.383041,501.444626,6
ASV445,ASV445,,4,0.33746,0.356459,124.638328,3
ASV447,ASV447,,4,0.366667,0.388623,449.519396,0
ASV448,ASV448,,4,0.378852,0.403775,656.120402,3
ASV450,ASV450,,4,0.365172,0.387161,325.658555,1
ASV452,ASV452,,4,0.365598,0.388756,681.516127,6
ASV454,ASV454,,4,0.360552,0.382111,425.299641,3
ASV455,ASV455,,4,0.373214,0.396199,718.521485,3
ASV456,ASV456,,4,0.367526,0.394604,711.268643,4
ASV458,ASV458,,4,0.378166,0.403509,752.616016,6
ASV459,ASV459,,4,0.377711,0.404572,823.099779,4
ASV46,ASV46,,4,0.356453,0.377459,574.08945,6
ASV460,ASV460,,4,0.362009,0.385035,565.096849,6
ASV461,ASV461,,4,0.371006,0.395401,713.88448,3
ASV463,ASV463,,4,0.346026,0.364301,254.949187,6
ASV464,ASV464,,4,0.367958,0.394471,719.806443,4
ASV465,ASV465,,4,0.320061,0.336124,100.960993,3
ASV466,ASV466,,4,0.35504,0.375465,360.457473,1
ASV469,ASV469,,4,0.362218,0.384902,518.863758,6
ASV47,ASV47,,4,0.368607,0.391015,644.642212,6
ASV470,ASV470,,4,0.351852,0.371212,363.608324,6
ASV471,ASV471,,4,0.343562,0.362573,215.191825,2
ASV473,ASV473,,4,0.359107,0.380649,323.888737,3
ASV474,ASV474,,4,0.361175,0.385167,727.735864,4
ASV475,ASV475,,4,0.348721,0.368155,269.805126,1
ASV476,ASV476,,4,0.360967,0.38118,394.43367,6
ASV477,ASV477,,4,0.3466,0.368022,250.872456,1
ASV478,ASV478,,4,0.350867,0.368687,195.193653,5
ASV48,ASV48,,4,0.364111,0.386098,383.480285,5
ASV480,ASV480,,4,0.350279,0.371611,253.364421,0
ASV483,ASV483,,4,0.363057,0.38437,507.342648,3
ASV486,ASV486,,4,0.365811,0.387161,567.724409,0
ASV487,ASV487,,4,0.367311,0.390218,654.951264,0
ASV488,ASV488,,5,0.363057,0.389208,502.025916,4
ASV489,ASV489,,4,0.36839,0.391148,764.481711,2
ASV49,ASV49,,4,0.358696,0.379054,397.929976,0
ASV492,ASV492,,4,0.354037,0.371877,238.136782,3
ASV493,ASV493,,4,0.374105,0.39992,676.112989,0
ASV495,ASV495,,4,0.367742,0.389553,561.444177,2
ASV497,ASV497,,4,0.370787,0.397262,551.811366,4
ASV499,ASV499,,5,0.375899,0.402764,676.165002,0
ASV5,ASV5,,4,0.373437,0.398458,587.464009,1
ASV50,ASV50,,4,0.379081,0.405768,833.299849,0
ASV500,ASV500,,4,0.34814,0.36656,187.172738,5
ASV501,ASV501,,4,0.356048,0.37706,373.756843,2
ASV503,ASV503,,4,0.355241,0.377326,250.795449,5
ASV504,ASV504,,4,0.375449,0.400319,752.507008,6
ASV506,ASV506,,4,0.342998,0.359649,165.242909,5
ASV509,ASV509,,4,0.375899,0.402047,776.3407,5
ASV51,ASV51,,4,0.384899,0.413477,859.08694,1
ASV510,ASV510,,4,0.366881,0.390883,757.463127,4
ASV511,ASV511,,4,0.378166,0.407496,1014.439096,3
ASV513,ASV513,,4,0.350279,0.37068,367.239924,3
ASV515,ASV515,,4,0.370567,0.395534,549.726916,6
ASV516,ASV516,,4,0.347947,0.368687,350.889611,3
ASV517,ASV517,,4,0.370787,0.3958,655.420477,3
ASV518,ASV518,,4,0.363057,0.385699,581.286982,3
ASV519,ASV519,,4,0.359107,0.379718,307.867525,0
ASV52,ASV52,,4,0.372771,0.396465,478.546541,1
ASV521,ASV521,,4,0.367096,0.389288,509.308453,6
ASV523,ASV523,,4,0.375,0.397927,780.428818,6
ASV525,ASV525,,4,0.334044,0.353535,294.059466,0
ASV526,ASV526,,4,0.360345,0.381047,482.182691,3
ASV527,ASV527,,4,0.371445,0.395268,484.281747,1
ASV528,ASV528,,4,0.375674,0.400718,627.432446,5
ASV529,ASV529,,4,0.372328,0.3958,627.863053,5
ASV532,ASV532,,4,0.37013,0.393142,594.333974,0
ASV533,ASV533,,4,0.356655,0.378256,289.208758,0
ASV536,ASV536,,4,0.348333,0.366029,255.820348,3
ASV537,ASV537,,4,0.357469,0.37799,582.372663,1
ASV538,ASV538,,4,0.376577,0.400851,712.963414,6
ASV539,ASV539,,4,0.341876,0.361244,330.996396,4
ASV54,ASV54,,4,0.370348,0.393275,671.170703,3
ASV540,ASV540,,4,0.377483,0.40311,740.288575,1
ASV541,ASV541,,4,0.367526,0.391414,589.724171,4
ASV542,ASV542,,4,0.351655,0.372807,510.225555,4
ASV543,ASV543,,4,0.353041,0.373339,403.647015,5
ASV544,ASV544,,4,0.357062,0.379585,391.650253,0
ASV546,ASV546,,4,0.359312,0.38118,729.493917,6
ASV547,ASV547,,4,0.365811,0.387959,571.156779,3
ASV548,ASV548,,4,0.362009,0.385566,444.949708,0
ASV549,ASV549,,4,0.35625,0.37706,638.626998,3
ASV55,ASV55,,4,0.375674,0.40311,772.227049,0
ASV550,ASV550,,4,0.368824,0.395401,761.111855,3
ASV551,ASV551,,4,0.344884,0.367092,387.04939,4
ASV552,ASV552,,4,0.366452,0.390484,474.518985,1
ASV553,ASV553,,4,0.341132,0.361909,231.235263,4
ASV554,ASV554,,4,0.367742,0.390883,656.671745,1
ASV555,ASV555,,4,0.354037,0.377193,297.471187,1
ASV556,ASV556,,4,0.369912,0.392743,642.991462,1
ASV558,ASV558,,4,0.353837,0.374136,300.610878,1
ASV559,ASV559,,4,0.39434,0.424242,1466.298886,6
ASV56,ASV56,,4,0.372549,0.398724,710.881941,1
ASV560,ASV560,,4,0.342436,0.359649,217.404614,6
ASV561,ASV561,,4,0.369476,0.394604,665.761831,3
ASV562,ASV562,,4,0.344884,0.366427,245.729427,4
ASV563,ASV563,,4,0.350867,0.375332,401.085998,4
ASV564,ASV564,,4,0.360345,0.382243,428.26953,4
ASV565,ASV565,,4,0.352445,0.374269,309.640239,1
ASV568,ASV568,,5,0.352247,0.372461,441.455375,3
ASV569,ASV569,,4,0.368607,0.393541,770.623236,3
ASV57,ASV57,,4,0.34814,0.369484,473.197687,4
ASV570,ASV570,,4,0.367096,0.390085,539.845019,1
ASV571,ASV571,,4,0.353439,0.37613,293.810551,0
ASV572,ASV572,,4,0.369258,0.395401,628.661322,1
ASV573,ASV573,,4,0.35625,0.376661,335.39985,3
ASV575,ASV575,,4,0.360967,0.385832,392.586232,1
ASV576,ASV576,,4,0.326733,0.344365,123.093767,4
ASV577,ASV577,,4,0.371666,0.394471,555.227857,0
ASV578,ASV578,,5,0.26933,0.279346,0,4
ASV58,ASV58,,4,0.383486,0.412148,867.205303,0
ASV580,ASV580,,4,0.321045,0.340776,183.369116,2
ASV583,ASV583,,4,0.364111,0.388889,808.390749,4
ASV587,ASV587,,4,0.381387,0.409091,939.044818,5
ASV589,ASV589,,4,0.366667,0.388224,562.942873,4
ASV59,ASV59,,4,0.366238,0.391281,641.06683,5
ASV590,ASV590,,4,0.365172,0.388357,471.384176,0
ASV593,ASV593,,4,0.361175,0.379851,401.633264,6
ASV594,ASV594,,4,0.367958,0.392477,699.835928,4
ASV595,ASV595,,4,0.367958,0.393541,743.493099,6
ASV597,ASV597,,4,0.361175,0.381579,379.839887,6
ASV598,ASV598,,4,0.38,0.410154,995.739758,0
ASV599,ASV599,,4,0.382784,0.410154,969.136318,6
ASV6,ASV6,,4,0.338553,0.357257,142.006667,5
ASV60,ASV60,,4,0.383721,0.412547,1101.987818,1
ASV600,ASV600,,4,0.367742,0.390883,583.337946,2
ASV601,ASV601,,4,0.343373,0.363238,284.072946,4
ASV602,ASV602,,4,0.369912,0.392079,586.871458,6
ASV603,ASV603,,4,0.3618,0.386762,543.68212,4
ASV605,ASV605,,4,0.365811,0.386895,455.364664,1
ASV609,ASV609,,4,0.358491,0.377592,332.1201,6
ASV61,ASV61,,4,0.377711,0.404572,650.093371,0
ASV611,ASV611,,4,0.368607,0.391813,792.872954,6
ASV612,ASV612,,4,0.372992,0.399256,647.239509,4
ASV613,ASV613,,4,0.357265,0.379851,253.46756,4
ASV614,ASV614,,4,0.334936,0.356858,243.68821,4
ASV615,ASV615,,4,0.355644,0.380383,420.202566,0
ASV617,ASV617,,4,0.386322,0.415205,1149.754517,1
ASV619,ASV619,,4,0.362847,0.387028,568.810961,4
ASV620,ASV620,,4,0.38,0.404439,876.933636,6
ASV621,ASV621,,4,0.363689,0.386895,635.388492,6
ASV624,ASV624,,4,0.362428,0.387826,584.112412,0
ASV625,ASV625,,4,0.360345,0.381978,586.721835,4
ASV628,ASV628,,4,0.362009,0.382775,387.21896,6
ASV629,ASV629,,4,0.330696,0.351409,168.587773,4
ASV63,ASV63,,4,0.375224,0.399787,856.774413,5
ASV632,ASV632,,4,0.346792,0.366295,254.765171,1
ASV633,ASV633,,4,0.344884,0.364035,344.567166,6
ASV634,ASV634,,4,0.371226,0.395401,685.537853,3
ASV635,ASV635,,4,0.352643,0.372807,459.499953,2
ASV636,ASV636,,4,0.369912,0.393142,629.727437,4
ASV638,ASV638,,4,0.346218,0.366162,399.268385,0
ASV639,ASV639,,4,0.362428,0.386364,634.711382,4
ASV64,ASV64,,4,0.387037,0.416401,1328.262494,0
ASV644,ASV644,,5,0.357877,0.378177,350.590695,4
ASV646,ASV646,,4,0.360345,0.380649,468.501849,6
ASV648,ASV648,,4,0.356655,0.377326,443.033717,3
ASV649,ASV649,,4,0.334222,0.352206,158.057701,2
ASV65,ASV65,,4,0.381155,0.408958,795.947125,5
ASV651,ASV651,,4,0.357877,0.37932,434.041326,6
ASV653,ASV653,,5,0.342623,0.363557,194.216957,1
ASV654,ASV654,,4,0.351457,0.372142,284.282416,6
ASV656,ASV656,,4,0.376803,0.401249,710.845319,6
ASV657,ASV657,,4,0.362428,0.383971,382.673526,0
ASV659,ASV659,,4,0.357265,0.379851,537.640162,4
ASV66,ASV66,,4,0.370348,0.394338,575.29353,5
ASV663,ASV663,,4,0.360759,0.381313,419.763101,0
ASV664,ASV664,,4,0.358696,0.37932,330.597974,3
ASV668,ASV668,,4,0.353041,0.373472,406.749386,5
ASV674,ASV674,,4,0.355644,0.377193,391.498335,3
ASV679,ASV679,,4,0.332626,0.35101,147.997004,3
ASV68,ASV68,,4,0.363268,0.383573,436.940903,5
ASV681,ASV681,,4,0.326562,0.346624,170.020054,4
ASV682,ASV682,,4,0.354037,0.374269,320.963795,4
ASV684,ASV684,,4,0.359518,0.381446,533.613695,1
ASV685,ASV685,,4,0.357062,0.376794,354.259779,3
ASV686,ASV686,,4,0.352247,0.37068,281.576101,5
ASV687,ASV687,,4,0.348721,0.369219,365.934018,1
ASV689,ASV689,,4,0.352643,0.37294,355.671266,1
ASV692,ASV692,,4,0.373214,0.402313,954.433885,4
ASV694,ASV694,,4,0.358696,0.379187,546.200237,6
ASV695,ASV695,,4,0.367742,0.39168,538.685042,6
ASV697,ASV697,,4,0.365598,0.387161,421.858333,0
ASV698,ASV698,,4,0.342436,0.364434,319.019081,2
ASV699,ASV699,,4,0.37954,0.407363,1050.596238,3
ASV7,ASV7,,4,0.376803,0.40311,596.07641,1
ASV70,ASV70,,4,0.354839,0.376661,419.657743,5
ASV700,ASV700,,4,0.342249,0.360712,261.087918,2
ASV701,ASV701,,4,0.344127,0.36563,402.174333,2
ASV702,ASV702,,4,0.364747,0.389288,520.173871,1
ASV703,ASV703,,4,0.346409,0.3647,390.199534,4
ASV704,ASV704,,4,0.364111,0.386497,476.879465,5
ASV705,ASV705,,4,0.351852,0.370415,260.035146,1
ASV708,ASV708,,4,0.375449,0.400718,797.380745,6
ASV710,ASV710,,4,0.366881,0.390351,731.478295,2
ASV712,ASV712,,4,0.346984,0.365896,282.475433,3
ASV713,ASV713,,4,0.382317,0.407363,841.715909,6
ASV714,ASV714,,4,0.33837,0.359915,164.861888,4
ASV718,ASV718,,4,0.346218,0.36563,296.549649,4
ASV719,ASV719,,4,0.374552,0.399123,870.880885,6
ASV72,ASV72,,4,0.377256,0.406699,761.62221,5
ASV720,ASV720,,4,0.3466,0.368155,300.314879,4
ASV721,ASV721,,4,0.338188,0.35739,266.541481,2
ASV722,ASV722,,4,0.359107,0.384636,1135.228985,4
ASV724,ASV724,,4,0.362847,0.385832,630.225157,4
ASV726,ASV726,,4,0.347176,0.367225,290.276466,3
ASV728,ASV728,,4,0.344695,0.364168,223.23275,6
ASV73,ASV73,,4,0.388235,0.416667,1123.83934,5
ASV732,ASV732,,4,0.369258,0.391813,603.971697,6
ASV733,ASV733,,4,0.367311,0.390351,538.362054,0
ASV734,ASV734,,4,0.363268,0.386497,704.298886,4
ASV736,ASV736,,4,0.363689,0.386762,830.69914,0
ASV737,ASV737,,4,0.351457,0.37201,337.862955,6
ASV738,ASV738,,4,0.362637,0.388889,612.240548,0
ASV74,ASV74,,4,0.363689,0.386231,404.268177,6
ASV740,ASV740,,4,0.362428,0.384237,517.7064,6
ASV743,ASV743,,4,0.327415,0.343169,97.52428,6
ASV744,ASV744,,4,0.349498,0.369219,466.141294,6
ASV746,ASV746,,4,0.358901,0.381845,654.95685,4
ASV747,ASV747,,4,0.367096,0.389421,527.077962,1
ASV749,ASV749,,4,0.339102,0.361776,298.092921,0
ASV750,ASV750,,4,0.390411,0.420521,1387.532812,6
ASV751,ASV751,,4,0.360967,0.380383,596.552338,6
ASV752,ASV752,,4,0.365385,0.387826,728.01667,6
ASV754,ASV754,,4,0.346026,0.36563,234.143128,0
ASV756,ASV756,,4,0.359312,0.380914,649.251846,0
ASV757,ASV757,,4,0.377483,0.403907,1089.129478,4
ASV760,ASV760,,4,0.363057,0.386098,569.752231,6
ASV762,ASV762,,4,0.368174,0.391148,829.751501,0
ASV763,ASV763,,4,0.348915,0.369351,394.026179,5
ASV766,ASV766,,4,0.362218,0.383174,306.38804,0
ASV77,ASV77,,4,0.366452,0.389553,424.417639,1
ASV770,ASV770,,4,0.371666,0.397395,694.10776,0
ASV772,ASV772,,4,0.341132,0.357921,211.868819,6
ASV773,ASV773,,4,0.361592,0.381712,496.696379,5
ASV774,ASV774,,4,0.375,0.401515,842.350075,6
ASV775,ASV775,,4,0.365598,0.389819,450.90854,0
ASV776,ASV776,,4,0.364959,0.388224,752.001179,2
ASV777,ASV777,,4,0.360967,0.38344,462.045463,6
ASV778,ASV778,,4,0.345836,0.36563,399.108762,4
ASV779,ASV779,,4,0.365172,0.388756,712.015568,2
ASV78,ASV78,,4,0.38,0.406034,1008.08475,5
ASV781,ASV781,,4,0.3639,0.388889,464.26645,4
ASV783,ASV783,,4,0.364323,0.38849,871.186227,6
ASV785,ASV785,,4,0.351655,0.374003,305.526793,4
ASV786,ASV786,,4,0.349304,0.368554,374.277215,6
ASV787,ASV787,,4,0.341876,0.361244,416.531555,4
ASV788,ASV788,,4,0.344884,0.362706,244.511515,3
ASV789,ASV789,,4,0.35625,0.37706,401.613424,2
ASV79,ASV79,,4,0.389199,0.419458,1430.75955,1
ASV793,ASV793,,4,0.332273,0.352073,174.034988,0
ASV798,ASV798,,4,0.358081,0.379851,359.467462,0
ASV8,ASV8,,4,0.390898,0.421717,1062.944736,1
ASV80,ASV80,,4,0.367526,0.391946,705.43855,0
ASV800,ASV800,,4,0.358901,0.38118,679.530385,2
ASV801,ASV801,,4,0.376125,0.400984,590.329343,5
ASV802,ASV802,,4,0.362847,0.384503,350.56737,6
ASV804,ASV804,,4,0.376803,0.400851,690.190313,1
ASV806,ASV806,,4,0.364747,0.387693,719.260348,2
ASV809,ASV809,,4,0.359312,0.384104,528.055402,4
ASV810,ASV810,,4,0.362847,0.385566,477.995125,3
ASV811,ASV811,,4,0.352643,0.37201,399.43567,6
ASV817,ASV817,,4,0.368824,0.394471,791.213865,3
ASV818,ASV818,,4,0.367311,0.394604,742.254683,4
ASV819,ASV819,,4,0.368824,0.392079,748.43167,6
ASV820,ASV820,,4,0.312874,0.331606,115.10782,4
ASV821,ASV821,,4,0.368174,0.39261,517.655706,4
ASV822,ASV822,,4,0.353439,0.375731,201.979688,1
ASV826,ASV826,,4,0.363689,0.38344,297.211697,6
ASV828,ASV828,,4,0.352247,0.372541,325.646067,0
ASV829,ASV829,,5,0.350475,0.369537,239.278277,6
ASV830,ASV830,,5,0.301442,0.315444,52.082997,3
ASV831,ASV831,,4,0.342249,0.36151,342.391804,2
ASV832,ASV832,,5,0.338736,0.355316,161.411011,6
ASV833,ASV833,,4,0.340206,0.356991,187.748735,5
ASV834,ASV834,,4,0.377029,0.402047,710.432067,6
ASV835,ASV835,,4,0.356453,0.378655,600.987338,6
ASV838,ASV838,,4,0.346792,0.365231,280.164431,6
ASV839,ASV839,,4,0.354237,0.376661,488.246382,6
ASV84,ASV84,,4,0.372328,0.398192,655.387345,0
ASV840,ASV840,,4,0.368607,0.394471,964.087431,2
ASV844,ASV844,,4,0.374328,0.399522,829.718125,3
ASV845,ASV845,,4,0.353439,0.376396,243.010557,0
ASV848,ASV848,,4,0.374328,0.400186,830.706013,6
ASV849,ASV849,,4,0.333511,0.355529,189.316807,4
ASV85,ASV85,,4,0.372771,0.398724,504.734811,1
ASV850,ASV850,,4,0.359518,0.381712,385.436054,6
ASV851,ASV851,,4,0.364747,0.389155,659.091254,0
ASV852,ASV852,,4,0.35504,0.37613,266.441439,3
ASV853,ASV853,,4,0.349304,0.374003,259.830369,0
ASV855,ASV855,,4,0.384427,0.414274,1491.220504,4
ASV856,ASV856,,4,0.347176,0.369617,386.422575,3
ASV857,ASV857,,4,0.345645,0.36656,291.509626,0
ASV858,ASV858,,5,0.3466,0.369405,265.975756,4
ASV859,ASV859,,4,0.359107,0.380383,620.339446,4
ASV86,ASV86,,4,0.38023,0.405635,657.983908,1
ASV860,ASV860,,5,0.350279,0.371531,394.549051,0
ASV862,ASV862,,4,0.361383,0.38344,413.74717,4
ASV865,ASV865,,4,0.373659,0.398458,763.42115,3
ASV866,ASV866,,5,0.328616,0.351196,203.312105,4
ASV867,ASV867,,5,0.324199,0.341228,92.295235,4
ASV869,ASV869,,4,0.335833,0.354732,199.45026,4
ASV871,ASV871,,4,0.333333,0.349681,142.346242,4
ASV872,ASV872,,4,0.344127,0.363636,316.422366,3
ASV879,ASV879,,4,0.354037,0.375066,515.991303,5
ASV88,ASV88,,4,0.366025,0.389022,617.56429,5
ASV882,ASV882,,4,0.359107,0.382376,427.120559,0
ASV883,ASV883,,4,0.373882,0.399787,722.047897,6
ASV884,ASV884,,4,0.346218,0.3647,264.164326,3
ASV887,ASV887,,4,0.347368,0.366427,315.874008,2
ASV89,ASV89,,4,0.382084,0.40949,1014.015692,4
ASV890,ASV890,,4,0.332273,0.35194,293.231137,0
ASV893,ASV893,,4,0.366025,0.389686,585.184477,0
ASV895,ASV895,,4,0.372771,0.398591,704.601491,6
ASV896,ASV896,,4,0.368174,0.390883,727.25171,2
ASV897,ASV897,,4,0.344127,0.363238,237.681626,0
ASV899,ASV899,,4,0.374552,0.399123,771.113065,3
ASV9,ASV9,,4,0.381851,0.407629,839.007241,1
ASV90,ASV90,,4,0.385135,0.411616,960.999618,6
ASV904,ASV904,,4,0.350084,0.372142,420.504665,0
ASV908,ASV908,,4,0.357673,0.381047,429.398334,4
ASV909,ASV909,,4,0.370787,0.396863,714.040575,3
ASV91,ASV91,,4,0.373882,0.397395,858.275428,0
ASV911,ASV911,,4,0.351655,0.374801,528.422309,2
ASV912,ASV912,,4,0.376125,0.401382,651.891943,6
ASV913,ASV913,,4,0.349109,0.369617,212.675518,0
ASV914,ASV914,,4,0.368607,0.39168,548.77867,6
ASV915,ASV915,,4,0.344505,0.364035,297.849753,4
ASV917,ASV917,,4,0.358081,0.381712,481.426988,0
ASV918,ASV918,,4,0.331571,0.35194,305.567793,2
ASV92,ASV92,,4,0.374776,0.400452,750.093392,1
ASV921,ASV921,,4,0.3466,0.364965,235.83844,6
ASV923,ASV923,,4,0.353239,0.374136,474.393198,4
ASV924,ASV924,,4,0.327586,0.346757,229.557036,4
ASV925,ASV925,,4,0.367526,0.390484,516.356768,1
ASV927,ASV927,,5,0.33122,0.351595,224.636548,4
ASV928,ASV928,,5,0.332097,0.349734,150.366016,3
ASV929,ASV929,,4,0.342062,0.361244,248.846598,5
ASV93,ASV93,,4,0.359518,0.380516,502.676461,4
ASV931,ASV931,,4,0.35625,0.382111,556.152796,4
ASV936,ASV936,,4,0.352842,0.372674,371.215908,0
ASV940,ASV940,,4,0.348527,0.368687,409.94459,6
ASV942,ASV942,,4,0.362009,0.382642,598.420561,6
ASV95,ASV95,,4,0.385609,0.413344,1149.2593,1
ASV950,ASV950,,4,0.340761,0.36151,194.296008,3
ASV951,ASV951,,4,0.342062,0.36563,379.568178,4
ASV954,ASV954,,4,0.358286,0.377193,356.853428,6
ASV955,ASV955,,4,0.352247,0.374668,428.007492,4
ASV958,ASV958,,4,0.352842,0.374003,528.839822,6
ASV959,ASV959,,4,0.350279,0.373737,556.537401,4
ASV96,ASV96,,4,0.364747,0.388756,531.585133,1
ASV966,ASV966,,4,0.354839,0.376396,411.178104,0
ASV969,ASV969,,4,0.368607,0.395003,769.224812,0
ASV97,ASV97,,4,0.378852,0.403907,778.539708,1
ASV970,ASV970,,4,0.378166,0.405104,1216.349552,6
ASV977,ASV977,,4,0.346218,0.365497,360.82522,2
ASV98,ASV98,,4,0.363057,0.384237,421.879009,0
ASV99,ASV99,,4,0.369041,0.392743,762.34488,3
ASV993,ASV993,,4,0.373659,0.399654,937.536562,0
ASV994,ASV994,,4,0.363689,0.385433,609.331785,1
