Id,Label,timeset,Eccentricity,closnesscentrality,harmonicclosnesscentrality,betweenesscentrality,modularity_class,Degree,Polygon
ASV_1_F,ASV_1_F,,4,0.375677,0.396013,645.862654,2,19,3
ASV_100_F,ASV_100_F,,4,0.395216,0.42131,1377.241666,0,30,3
ASV_102_F,ASV_102_F,,4,0.384133,0.40658,584.034128,5,21,3
ASV_104_F,ASV_104_F,,4,0.384275,0.407461,749.613183,5,23,3
ASV_105_F,ASV_105_F,,4,0.372584,0.393292,493.004141,2,21,3
ASV_106_F,ASV_106_F,,4,0.388578,0.413465,1266.592818,6,28,3
ASV_107_F,ASV_107_F,,4,0.379097,0.399856,760.006146,0,19,3
ASV_11_F,ASV_11_F,,4,0.383567,0.40634,739.299451,2,23,3
ASV_111_F,ASV_111_F,,4,0.376492,0.397374,677.060935,1,20,3
ASV_112_F,ASV_112_F,,4,0.363605,0.380403,253.472905,5,14,3
ASV_116_F,ASV_116_F,,4,0.403958,0.431476,1740.399473,4,33,3
ASV_117_F,ASV_117_F,,4,0.404743,0.430916,1413.519283,4,29,3
ASV_119_F,ASV_119_F,,4,0.380343,0.402017,753.554396,1,21,3
ASV_12_F,ASV_12_F,,4,0.361458,0.378322,322.396324,4,14,3
ASV_120_F,ASV_120_F,,4,0.378821,0.399936,485.095761,4,19,3
ASV_121_F,ASV_121_F,,3,0.38945,0.413385,998.694352,7,25,3
ASV_122_F,ASV_122_F,,3,0.391353,0.415466,907.912511,5,25,3
ASV_124_F,ASV_124_F,,4,0.400077,0.426113,1265.065449,4,29,3
ASV_127_F,ASV_127_F,,3,0.390619,0.414986,880.122935,3,26,3
ASV_129_F,ASV_129_F,,3,0.401311,0.426993,1125.726101,2,28,3
ASV_13_F,ASV_13_F,,4,0.390034,0.415946,1276.381332,4,30,3
ASV_132_F,ASV_132_F,,4,0.380622,0.402257,744.624937,6,21,3
ASV_135_F,ASV_135_F,,4,0.392238,0.417227,1186.793662,5,27,3
ASV_136_F,ASV_136_F,,4,0.391648,0.415546,907.424994,7,24,3
ASV_138_F,ASV_138_F,,3,0.408075,0.435479,1842.711775,3,33,3
ASV_139_F,ASV_139_F,,3,0.407436,0.433878,1456.868643,0,30,3
ASV_14_F,ASV_14_F,,3,0.39748,0.42235,1213.963348,0,26,3
ASV_141_F,ASV_141_F,,4,0.392238,0.417307,883.6166,3,27,3
ASV_142_F,ASV_142_F,,4,0.3809,0.402578,640.560567,0,20,3
ASV_143_F,ASV_143_F,,4,0.358101,0.373919,349.738412,0,14,3
ASV_144_F,ASV_144_F,,3,0.394617,0.418668,887.271051,0,24,3
ASV_145_F,ASV_145_F,,4,0.384133,0.407061,896.334122,3,23,3
ASV_146_F,ASV_146_F,,3,0.385984,0.408902,772.986706,5,23,3
ASV_148_F,ASV_148_F,,4,0.374595,0.394813,487.379655,2,18,3
ASV_149_F,ASV_149_F,,4,0.372451,0.392651,541.318828,5,20,3
ASV_15_F,ASV_15_F,,4,0.381878,0.403778,613.647734,2,21,3
ASV_150_F,ASV_150_F,,4,0.386414,0.409142,868.022862,1,22,3
ASV_152_F,ASV_152_F,,4,0.410651,0.43812,1605.231822,7,33,3
ASV_158_F,ASV_158_F,,4,0.342998,0.355668,175.727134,0,9,3
ASV_16_F,ASV_16_F,,4,0.37965,0.402418,754.718734,6,24,3
ASV_161_F,ASV_161_F,,4,0.378133,0.400256,575.343724,8,22,3
ASV_162_F,ASV_162_F,,4,0.375,0.396334,592.695731,5,22,3
ASV_163_F,ASV_163_F,,3,0.408395,0.436119,1641.085777,5,34,3
ASV_165_F,ASV_165_F,,4,0.380482,0.402097,508.033035,3,20,3
ASV_166_F,ASV_166_F,,4,0.372985,0.393852,517.762529,2,21,3
ASV_168_F,ASV_168_F,,4,0.376901,0.397614,622.636035,0,20,3
ASV_169_F,ASV_169_F,,4,0.391795,0.415706,893.806348,3,24,3
ASV_171_F,ASV_171_F,,4,0.376356,0.397054,642.839196,6,20,3
ASV_172_F,ASV_172_F,,4,0.353721,0.370077,333.24464,6,15,3
ASV_173_F,ASV_173_F,,4,0.342434,0.35903,288.523877,6,15,3
ASV_174_F,ASV_174_F,,4,0.396874,0.423151,1200.499504,3,30,3
ASV_175_F,ASV_175_F,,4,0.362087,0.377442,228.737554,0,12,3
ASV_177_F,ASV_177_F,,4,0.392978,0.418108,1082.824619,2,27,3
ASV_179_F,ASV_179_F,,4,0.386701,0.410903,981.751478,5,26,3
ASV_18_F,ASV_18_F,,4,0.381179,0.403939,763.132296,4,23,3
ASV_182_F,ASV_182_F,,4,0.379373,0.401137,659.07822,8,21,3
ASV_184_F,ASV_184_F,,3,0.40162,0.427634,1257.022992,5,29,3
ASV_187_F,ASV_187_F,,3,0.394318,0.418988,998.540387,3,26,3
ASV_189_F,ASV_189_F,,4,0.390913,0.415066,799.171976,3,25,3
ASV_190_F,ASV_190_F,,4,0.373386,0.394172,593.257795,4,21,3
ASV_193_F,ASV_193_F,,3,0.387133,0.410503,829.789345,3,24,3
ASV_194_F,ASV_194_F,,4,0.381179,0.403138,629.547892,0,21,3
ASV_196_F,ASV_196_F,,4,0.376356,0.397054,635.251913,1,20,3
ASV_197_F,ASV_197_F,,4,0.357609,0.37456,373.054289,6,15,3
ASV_199_F,ASV_199_F,,4,0.386701,0.410102,836.858781,2,24,3
ASV_200_F,ASV_200_F,,4,0.399156,0.424832,1186.37566,5,28,3
ASV_201_F,ASV_201_F,,4,0.378959,0.400256,527.898823,3,20,3
ASV_203_F,ASV_203_F,,4,0.369018,0.386968,465.161705,0,16,3
ASV_205_F,ASV_205_F,,4,0.360332,0.376001,256.162579,0,13,3
ASV_206_F,ASV_206_F,,4,0.381179,0.402578,563.135104,1,20,3
ASV_209_F,ASV_209_F,,4,0.390473,0.416346,1126.293703,2,30,3
ASV_21_F,ASV_21_F,,4,0.398698,0.424992,1167.459137,8,30,3
ASV_210_F,ASV_210_F,,4,0.374595,0.394092,421.589706,3,17,3
ASV_211_F,ASV_211_F,,4,0.387565,0.411143,1043.536344,7,24,3
ASV_212_F,ASV_212_F,,3,0.381598,0.404259,717.852094,3,24,3
ASV_213_F,ASV_213_F,,3,0.389159,0.412424,842.0944,8,23,3
ASV_214_F,ASV_214_F,,3,0.407915,0.434998,1627.789042,5,32,3
ASV_215_F,ASV_215_F,,4,0.350741,0.365354,215.987129,6,11,3
ASV_216_F,ASV_216_F,,4,0.383284,0.405219,598.320617,4,20,3
ASV_217_F,ASV_217_F,,3,0.408075,0.434838,1435.300545,0,31,3
ASV_218_F,ASV_218_F,,4,0.369149,0.387688,465.150141,1,17,3
ASV_219_F,ASV_219_F,,4,0.369018,0.386728,417.890255,1,15,3
ASV_221_F,ASV_221_F,,4,0.388433,0.411383,702.853783,8,22,3
ASV_225_F,ASV_225_F,,4,0.375812,0.395853,543.647656,6,18,3
ASV_226_F,ASV_226_F,,3,0.387277,0.410663,780.637589,4,24,3
ASV_227_F,ASV_227_F,,4,0.378683,0.400016,545.243861,2,20,3
ASV_228_F,ASV_228_F,,3,0.401311,0.427954,1392.158233,1,31,3
ASV_229_F,ASV_229_F,,4,0.393573,0.419308,1092.490666,2,29,3
ASV_23_F,ASV_23_F,,3,0.402086,0.428434,1264.477232,3,30,3
ASV_230_F,ASV_230_F,,4,0.368496,0.387288,538.493358,0,18,3
ASV_232_F,ASV_232_F,,4,0.39824,0.423951,1114.095112,4,28,3
ASV_235_F,ASV_235_F,,4,0.360582,0.376801,292.728971,1,14,3
ASV_237_F,ASV_237_F,,3,0.398545,0.424432,1430.586182,1,29,3
ASV_238_F,ASV_238_F,,4,0.368757,0.387768,378.042755,0,17,3
ASV_24_F,ASV_24_F,,4,0.397936,0.423231,1068.348035,3,27,3
ASV_240_F,ASV_240_F,,4,0.385984,0.408902,787.039185,1,22,3
ASV_242_F,ASV_242_F,,4,0.386558,0.409622,820.845653,3,23,3
ASV_243_F,ASV_243_F,,4,0.388868,0.412184,876.424975,0,23,3
ASV_245_F,ASV_245_F,,4,0.385556,0.409222,984.775641,7,25,3
ASV_249_F,ASV_249_F,,4,0.370595,0.39009,485.165502,0,18,3
ASV_250_F,ASV_250_F,,4,0.36642,0.384326,479.166606,0,17,3
ASV_251_F,ASV_251_F,,4,0.37446,0.394412,555.502386,2,18,3
ASV_252_F,ASV_252_F,,3,0.396571,0.42235,1283.595558,3,29,3
ASV_254_F,ASV_254_F,,4,0.380343,0.403138,805.274568,3,23,3
ASV_256_F,ASV_256_F,,4,0.380482,0.402097,679.837425,0,21,3
ASV_257_F,ASV_257_F,,4,0.384985,0.407861,843.61146,3,23,3
ASV_258_F,ASV_258_F,,4,0.313743,0.326129,47.359706,0,6,3
ASV_259_F,ASV_259_F,,4,0.409037,0.436199,1457.592071,3,32,3
ASV_26_F,ASV_26_F,,3,0.408556,0.435639,1567.83052,8,32,3
ASV_260_F,ASV_260_F,,4,0.379927,0.402738,773.494431,0,24,3
ASV_261_F,ASV_261_F,,4,0.385128,0.408421,933.915754,3,24,3
ASV_262_F,ASV_262_F,,4,0.388578,0.413144,1190.405698,4,27,3
ASV_264_F,ASV_264_F,,4,0.377584,0.399296,845.684532,4,22,3
ASV_265_F,ASV_265_F,,3,0.391501,0.415626,1177.007287,7,25,3
ASV_266_F,ASV_266_F,,4,0.364751,0.382325,374.905082,4,15,3
ASV_268_F,ASV_268_F,,4,0.369149,0.388649,761.546745,0,20,3
ASV_27_F,ASV_27_F,,4,0.391059,0.415306,903.417241,6,25,3
ASV_271_F,ASV_271_F,,4,0.382299,0.404259,641.549264,0,21,3
ASV_273_F,ASV_273_F,,4,0.370068,0.389369,433.645525,3,17,3
ASV_274_F,ASV_274_F,,4,0.395817,0.420029,937.415899,4,24,3
ASV_276_F,ASV_276_F,,4,0.355169,0.369597,297.074523,6,12,3
ASV_277_F,ASV_277_F,,4,0.400231,0.426273,1250.446457,2,29,3
ASV_28_F,ASV_28_F,,4,0.368887,0.386647,328.844748,8,15,3
ASV_280_F,ASV_280_F,,4,0.387421,0.411223,795.227511,5,25,3
ASV_281_F,ASV_281_F,,4,0.373386,0.393452,656.590702,3,19,3
ASV_282_F,ASV_282_F,,4,0.38945,0.413144,882.083606,3,24,3
ASV_283_F,ASV_283_F,,3,0.39209,0.415946,859.029341,0,24,3
ASV_285_F,ASV_285_F,,4,0.327461,0.341258,158.747833,6,9,3
ASV_287_F,ASV_287_F,,4,0.372051,0.39121,436.864372,1,18,3
ASV_289_F,ASV_289_F,,4,0.369673,0.388809,441.028848,5,17,3
ASV_293_F,ASV_293_F,,4,0.368887,0.387368,306.444875,3,16,3
ASV_296_F,ASV_296_F,,4,0.375948,0.395773,482.729386,4,17,3
ASV_299_F,ASV_299_F,,4,0.365135,0.384006,404.772069,3,18,3
ASV_30_F,ASV_30_F,,4,0.382861,0.404659,595.941234,6,20,3
ASV_302_F,ASV_302_F,,4,0.387133,0.411223,866.456376,3,26,3
ASV_303_F,ASV_303_F,,3,0.390619,0.414665,983.317311,1,25,3
ASV_304_F,ASV_304_F,,4,0.375,0.395693,428.516907,3,19,3
ASV_305_F,ASV_305_F,,4,0.365648,0.385607,437.36112,3,19,3
ASV_307_F,ASV_307_F,,3,0.379511,0.400897,728.814968,5,21,3
ASV_309_F,ASV_309_F,,3,0.389159,0.413705,1200.067409,1,27,3
ASV_31_F,ASV_31_F,,4,0.389596,0.412984,797.568441,2,23,3
ASV_311_F,ASV_311_F,,3,0.39642,0.422831,1255.06835,0,31,3
ASV_313_F,ASV_313_F,,4,0.376764,0.397935,702.992013,2,21,3
ASV_314_F,ASV_314_F,,4,0.386701,0.410423,1049.750982,1,25,3
ASV_317_F,ASV_317_F,,4,0.378959,0.400817,744.262813,1,22,3
ASV_319_F,ASV_319_F,,4,0.367455,0.385126,345.106575,3,15,3
ASV_32_F,ASV_32_F,,3,0.390326,0.414345,877.314761,3,25,3
ASV_321_F,ASV_321_F,,4,0.346192,0.360711,205.564397,0,12,3
ASV_322_F,ASV_322_F,,4,0.39642,0.42227,1379.771053,3,29,3
ASV_325_F,ASV_325_F,,4,0.368365,0.386647,448.457849,1,17,3
ASV_326_F,ASV_326_F,,4,0.368235,0.386487,358.635035,0,16,3
ASV_327_F,ASV_327_F,,3,0.402708,0.428434,1178.254114,3,28,3
ASV_329_F,ASV_329_F,,4,0.37352,0.392731,430.142726,1,17,3
ASV_33_F,ASV_33_F,,4,0.390913,0.415386,976.519021,4,26,3
ASV_331_F,ASV_331_F,,4,0.378133,0.398735,504.887608,7,19,3
ASV_332_F,ASV_332_F,,3,0.397025,0.42219,1140.005318,3,27,3
ASV_333_F,ASV_333_F,,4,0.379373,0.401537,648.017646,2,22,3
ASV_335_F,ASV_335_F,,4,0.373252,0.393532,799.572065,0,20,3
ASV_336_F,ASV_336_F,,4,0.391795,0.416507,1053.306441,3,26,3
ASV_339_F,ASV_339_F,,4,0.379373,0.400736,523.087449,7,20,3
ASV_34_F,ASV_34_F,,4,0.400231,0.426273,1248.465348,4,29,3
ASV_340_F,ASV_340_F,,4,0.391501,0.416106,881.137731,5,26,3
ASV_341_F,ASV_341_F,,4,0.366034,0.384006,339.660395,2,16,3
ASV_342_F,ASV_342_F,,4,0.394617,0.419468,943.338701,3,26,3
ASV_343_F,ASV_343_F,,4,0.380066,0.401537,503.897577,3,20,3
ASV_345_F,ASV_345_F,,3,0.377311,0.397054,449.277033,1,17,3
ASV_346_F,ASV_346_F,,4,0.390619,0.414505,811.639207,4,24,3
ASV_348_F,ASV_348_F,,4,0.369411,0.388409,662.183933,0,18,3
ASV_35_F,ASV_35_F,,4,0.384985,0.407861,902.588253,2,23,3
ASV_350_F,ASV_350_F,,4,0.370726,0.389689,472.471174,1,17,3
ASV_351_F,ASV_351_F,,4,0.386558,0.410743,913.928671,3,26,3
ASV_355_F,ASV_355_F,,4,0.374191,0.394492,657.409445,5,20,3
ASV_359_F,ASV_359_F,,4,0.376492,0.397614,715.622433,5,20,3
ASV_360_F,ASV_360_F,,4,0.387133,0.411703,934.23817,0,27,3
ASV_361_F,ASV_361_F,,4,0.383708,0.4069,769.196811,0,24,3
ASV_363_F,ASV_363_F,,3,0.38527,0.407781,763.751341,4,22,3
ASV_364_F,ASV_364_F,,4,0.390619,0.414585,905.073466,6,24,3
ASV_365_F,ASV_365_F,,3,0.386128,0.408742,834.439587,3,22,3
ASV_366_F,ASV_366_F,,4,0.382439,0.404019,626.535715,0,20,3
ASV_367_F,ASV_367_F,,4,0.384843,0.408181,857.654011,5,24,3
ASV_37_F,ASV_37_F,,3,0.383567,0.40618,828.634707,2,23,3
ASV_370_F,ASV_370_F,,3,0.391353,0.415786,958.361035,3,26,3
ASV_374_F,ASV_374_F,,4,0.359585,0.37504,296.545906,7,13,3
ASV_379_F,ASV_379_F,,4,0.384133,0.407141,833.320126,1,23,3
ASV_383_F,ASV_383_F,,4,0.366808,0.385046,666.070934,6,17,3
ASV_386_F,ASV_386_F,,4,0.36171,0.378882,398.135653,6,16,3
ASV_389_F,ASV_389_F,,4,0.366808,0.384246,310.401944,5,14,3
ASV_39_F,ASV_39_F,,4,0.381598,0.403458,523.338312,5,21,3
ASV_390_F,ASV_390_F,,4,0.382439,0.404819,695.9129,5,22,3
ASV_395_F,ASV_395_F,,4,0.367585,0.385607,362.813575,3,15,3
ASV_396_F,ASV_396_F,,4,0.381179,0.403618,846.936281,3,23,3
ASV_397_F,ASV_397_F,,4,0.377311,0.399296,886.72388,0,23,3
ASV_4_F,ASV_4_F,,3,0.398545,0.425072,1736.311186,8,31,3
ASV_40_F,ASV_40_F,,4,0.388288,0.411543,718.990419,4,23,3
ASV_400_F,ASV_400_F,,4,0.409037,0.43748,1896.207286,3,36,3
ASV_401_F,ASV_401_F,,4,0.365648,0.383926,501.115772,0,17,3
ASV_403_F,ASV_403_F,,4,0.378545,0.399215,531.342112,3,19,3
ASV_405_F,ASV_405_F,,4,0.372184,0.391531,438.399271,3,17,3
ASV_406_F,ASV_406_F,,4,0.38945,0.414105,1192.986582,1,27,3
ASV_408_F,ASV_408_F,,4,0.376901,0.398575,879.048207,1,23,3
ASV_412_F,ASV_412_F,,3,0.390473,0.414185,878.458329,3,24,3
ASV_413_F,ASV_413_F,,4,0.389013,0.413385,871.881,3,26,3
ASV_416_F,ASV_416_F,,4,0.386989,0.409782,742.124489,3,22,3
ASV_420_F,ASV_420_F,,4,0.368365,0.386888,586.385113,0,17,3
ASV_422_F,ASV_422_F,,4,0.387421,0.410903,801.563482,3,24,3
ASV_424_F,ASV_424_F,,3,0.388723,0.412264,706.984486,3,24,3
ASV_43_F,ASV_43_F,,3,0.402397,0.429075,1353.055658,0,31,3
ASV_436_F,ASV_436_F,,4,0.372718,0.392251,533.983505,7,18,3
ASV_437_F,ASV_437_F,,4,0.371919,0.39137,521.862027,1,18,3
ASV_438_F,ASV_438_F,,4,0.38258,0.404979,732.666802,3,22,3
ASV_439_F,ASV_439_F,,4,0.375135,0.394412,412.955808,3,16,3
ASV_44_F,ASV_44_F,,4,0.389742,0.413865,976.448463,4,25,3
ASV_440_F,ASV_440_F,,4,0.370331,0.388969,345.839433,1,16,3
ASV_441_F,ASV_441_F,,4,0.394767,0.420189,1100.223886,3,28,3
ASV_442_F,ASV_442_F,,4,0.369673,0.388008,427.83743,5,16,3
ASV_443_F,ASV_443_F,,4,0.347695,0.361031,135.928132,7,9,3
ASV_45_F,ASV_45_F,,4,0.381179,0.403298,649.803578,4,22,3
ASV_455_F,ASV_455_F,,4,0.39283,0.417147,1051.409576,3,25,3
ASV_458_F,ASV_458_F,,4,0.372451,0.393052,480.784163,2,19,3
ASV_46_F,ASV_46_F,,3,0.409198,0.43692,1805.585551,3,34,3
ASV_462_F,ASV_462_F,,4,0.395667,0.42115,1152.159944,3,28,3
ASV_463_F,ASV_463_F,,3,0.38945,0.414025,1093.888992,3,27,3
ASV_465_F,ASV_465_F,,4,0.378821,0.400977,939.569353,6,23,3
ASV_47_F,ASV_47_F,,3,0.399003,0.425232,1588.618537,2,30,3
ASV_473_F,ASV_473_F,,4,0.387565,0.412424,1085.761411,5,28,3
ASV_474_F,ASV_474_F,,4,0.381738,0.402978,539.368768,3,19,3
ASV_475_F,ASV_475_F,,4,0.395517,0.420989,1063.741048,3,28,3
ASV_479_F,ASV_479_F,,4,0.38104,0.403138,882.827254,2,22,3
ASV_480_F,ASV_480_F,,4,0.402086,0.428995,1278.328667,0,31,3
ASV_49_F,ASV_49_F,,4,0.387565,0.411143,1079.383413,4,24,3
ASV_492_F,ASV_492_F,,4,0.371123,0.39041,426.555669,3,17,3
ASV_50_F,ASV_50_F,,4,0.373654,0.394412,658.326688,4,21,3
ASV_500_F,ASV_500_F,,4,0.36642,0.383926,413.924919,1,15,3
ASV_502_F,ASV_502_F,,4,0.383284,0.40602,766.578485,4,23,3
ASV_503_F,ASV_503_F,,4,0.357978,0.37448,314.984205,1,14,3
ASV_508_F,ASV_508_F,,4,0.389013,0.412664,852.183833,3,24,3
ASV_51_F,ASV_51_F,,4,0.395367,0.420829,1317.807515,3,28,3
ASV_512_F,ASV_512_F,,4,0.383284,0.405299,607.354922,3,21,3
ASV_515_F,ASV_515_F,,4,0.389596,0.412744,790.671181,3,22,3
ASV_518_F,ASV_518_F,,4,0.384417,0.40682,629.63409,3,21,3
ASV_52_F,ASV_52_F,,3,0.401311,0.427313,1403.813773,3,29,3
ASV_520_F,ASV_520_F,,4,0.373252,0.392731,419.642231,5,18,3
ASV_523_F,ASV_523_F,,4,0.381319,0.403378,798.620793,1,22,3
ASV_524_F,ASV_524_F,,4,0.353601,0.366955,158.007214,1,10,3
ASV_525_F,ASV_525_F,,4,0.374595,0.394733,436.844133,4,19,3
ASV_526_F,ASV_526_F,,4,0.364751,0.382405,371.858421,6,15,3
ASV_531_F,ASV_531_F,,4,0.384559,0.408742,904.86733,4,27,3
ASV_54_F,ASV_54_F,,4,0.398698,0.425632,1566.184968,4,32,3
ASV_546_F,ASV_546_F,,4,0.359337,0.3752,336.110498,1,14,3
ASV_55_F,ASV_55_F,,4,0.412114,0.439561,1748.023244,1,33,3
ASV_56_F,ASV_56_F,,4,0.408395,0.43716,1963.750899,4,37,3
ASV_561_F,ASV_561_F,,3,0.385128,0.408581,1027.655848,5,25,3
ASV_566_F,ASV_566_F,,4,0.377858,0.399456,677.179184,2,21,3
ASV_58_F,ASV_58_F,,4,0.383284,0.40578,605.41471,5,22,3
ASV_585_F,ASV_585_F,,4,0.367455,0.384966,477.724348,6,16,3
ASV_588_F,ASV_588_F,,4,0.379511,0.401857,756.348967,1,23,3
ASV_59_F,ASV_59_F,,4,0.387565,0.410743,751.664029,4,23,3
ASV_598_F,ASV_598_F,,4,0.357855,0.37424,330.373354,6,14,3
ASV_6_F,ASV_6_F,,4,0.360083,0.37568,194.062735,4,13,3
ASV_61_F,ASV_61_F,,3,0.382299,0.403138,521.277432,3,18,3
ASV_63_F,ASV_63_F,,4,0.381458,0.403458,639.418341,2,21,3
ASV_64_F,ASV_64_F,,4,0.362971,0.378402,266.735947,6,12,3
ASV_646_F,ASV_646_F,,3,0.376764,0.397695,775.888187,5,21,3
ASV_65_F,ASV_65_F,,4,0.420776,0.450128,2549.572598,3,40,3
ASV_665_F,ASV_665_F,,4,0.364879,0.382565,357.610031,7,15,3
ASV_67_F,ASV_67_F,,3,0.405374,0.432117,1616.491948,5,31,3
ASV_69_F,ASV_69_F,,4,0.393424,0.418668,1101.266138,4,27,3
ASV_70_F,ASV_70_F,,4,0.374595,0.395133,686.562826,6,20,3
ASV_71_F,ASV_71_F,,4,0.381319,0.403618,867.823542,1,22,3
ASV_72_F,ASV_72_F,,4,0.401156,0.427874,1446.042217,0,31,3
ASV_75_F,ASV_75_F,,4,0.391648,0.415866,916.811568,0,25,3
ASV_76_F,ASV_76_F,,4,0.387133,0.410983,941.855148,3,25,3
ASV_8_F,ASV_8_F,,3,0.401775,0.429395,1775.470298,0,34,3
ASV_80_F,ASV_80_F,,4,0.387709,0.411223,864.016601,0,24,3
ASV_81_F,ASV_81_F,,3,0.400539,0.426513,1430.91048,3,29,3
ASV_84_F,ASV_84_F,,4,0.387854,0.411463,810.084497,4,24,3
ASV_86_F,ASV_86_F,,3,0.395968,0.420749,945.997998,5,26,3
ASV_87_F,ASV_87_F,,4,0.393573,0.417947,1203.668086,0,25,3
ASV_88_F,ASV_88_F,,3,0.384843,0.407301,787.729694,5,22,3
ASV_90_F,ASV_90_F,,4,0.369411,0.387928,468.573871,7,16,3
ASV_91_F,ASV_91_F,,4,0.383991,0.40642,813.403295,3,22,3
ASV_92_F,ASV_92_F,,4,0.387421,0.410583,774.808465,6,23,3
ASV_93_F,ASV_93_F,,4,0.390473,0.414585,1147.810044,3,25,3
ASV_94_F,ASV_94_F,,3,0.397632,0.42251,1234.532112,1,26,3
ASV_95_F,ASV_95_F,,3,0.383284,0.40586,832.9262,1,23,3
ASV_96_F,ASV_96_F,,4,0.370859,0.389049,372.329135,4,15,3
ASV_97_F,ASV_97_F,,4,0.387999,0.412344,897.379201,8,26,3
ASV_98_F,ASV_98_F,,4,0.371123,0.389689,419.083388,5,16,3
ASV_99_F,ASV_99_F,,4,0.390326,0.414105,895.454533,3,24,3
ASV100_B,ASV100_B,,4,0.393722,0.419789,1182.312023,2,30,
ASV1001_B,ASV1001_B,,3,0.38945,0.413385,940.612723,4,25,
ASV1002_B,ASV1002_B,,4,0.360083,0.37576,182.833528,2,12,
ASV1003_B,ASV1003_B,,3,0.391795,0.416587,1168.254381,1,27,
ASV1005_B,ASV1005_B,,4,0.376084,0.396974,520.467503,0,19,
ASV101_B,ASV101_B,,4,0.396723,0.423231,1427.672455,8,31,
ASV1018_B,ASV1018_B,,4,0.379511,0.401057,734.712331,1,21,
ASV1025_B,ASV1025_B,,4,0.333868,0.348543,98.979196,6,9,
ASV1029_B,ASV1029_B,,4,0.38104,0.403939,878.345854,6,24,
ASV103_B,ASV103_B,,4,0.391059,0.415546,1248.106411,2,26,
ASV1036_B,ASV1036_B,,4,0.373252,0.393532,484.000549,0,20,
ASV104_B,ASV104_B,,3,0.387854,0.410983,825.747998,7,23,
ASV1040_B,ASV1040_B,,4,0.384133,0.407701,954.157416,1,25,
ASV1050_B,ASV1050_B,,4,0.379373,0.400656,617.100374,4,20,
ASV1053_B,ASV1053_B,,4,0.381319,0.403618,721.670847,5,22,
ASV1059_B,ASV1059_B,,4,0.391501,0.416266,942.068378,3,26,
ASV106_B,ASV106_B,,4,0.393275,0.419228,1468.662588,2,30,
ASV1077_B,ASV1077_B,,4,0.371653,0.391851,748.12009,6,20,
ASV108_B,ASV108_B,,4,0.390619,0.415146,918.982954,2,26,
ASV109_B,ASV109_B,,4,0.380622,0.402017,548.15845,4,20,
ASV11_B,ASV11_B,,4,0.393722,0.419388,1150.116776,2,29,
ASV110_B,ASV110_B,,4,0.389888,0.414025,912.35388,4,25,
ASV111_B,ASV111_B,,4,0.387565,0.411143,894.292086,6,24,
ASV112_B,ASV112_B,,4,0.393573,0.418348,925.403412,8,26,
ASV113_B,ASV113_B,,4,0.377584,0.398815,729.153232,3,20,
ASV116_B,ASV116_B,,3,0.412604,0.440282,1979.410372,1,34,
ASV1166_B,ASV1166_B,,4,0.357118,0.372398,216.33479,1,12,
ASV118_B,ASV118_B,,4,0.382159,0.404339,771.59128,3,22,
ASV119_B,ASV119_B,,4,0.395066,0.420509,970.869526,2,28,
ASV12_B,ASV12_B,,4,0.37527,0.397054,882.558577,6,23,
ASV120_B,ASV120_B,,3,0.393871,0.419789,1341.514256,2,30,
ASV121_B,ASV121_B,,4,0.382439,0.404899,611.608093,2,22,
ASV122_B,ASV122_B,,4,0.387565,0.412024,1101.638279,6,27,
ASV123_B,ASV123_B,,3,0.39977,0.425392,1173.67886,4,28,
ASV124_B,ASV124_B,,4,0.387709,0.410903,797.827729,7,23,
ASV125_B,ASV125_B,,4,0.378545,0.399376,456.09024,3,19,
ASV126_B,ASV126_B,,4,0.379511,0.402097,589.827742,8,23,
ASV127_B,ASV127_B,,4,0.39977,0.424832,1162.815661,7,26,
ASV129_B,ASV129_B,,4,0.386558,0.408982,667.973271,8,21,
ASV13_B,ASV13_B,,4,0.385984,0.409462,882.54003,5,24,
ASV133_B,ASV133_B,,4,0.371919,0.39033,297.180483,8,15,
ASV134_B,ASV134_B,,4,0.36928,0.387928,414.220713,8,17,
ASV135_B,ASV135_B,,3,0.390619,0.414986,1082.265801,7,26,
ASV136_B,ASV136_B,,4,0.391795,0.416346,866.876127,2,26,
ASV138_B,ASV138_B,,4,0.403332,0.429475,1261.204882,2,29,
ASV141_B,ASV141_B,,4,0.384133,0.407301,789.550349,6,24,
ASV142_B,ASV142_B,,4,0.397936,0.423871,1407.531734,4,29,
ASV143_B,ASV143_B,,4,0.394468,0.419549,1078.419694,8,27,
ASV146_B,ASV146_B,,4,0.383425,0.40682,913.137492,2,25,
ASV147_B,ASV147_B,,4,0.384133,0.407621,861.793765,8,25,
ASV149_B,ASV149_B,,4,0.376084,0.397134,577.564237,2,20,
ASV15_B,ASV15_B,,4,0.403176,0.430275,1656.008247,3,32,
ASV153_B,ASV153_B,,3,0.400077,0.425392,1267.001587,2,27,
ASV154_B,ASV154_B,,4,0.393127,0.418748,1158.204017,2,29,
ASV156_B,ASV156_B,,4,0.384133,0.407061,730.295876,2,23,
ASV158_B,ASV158_B,,4,0.395968,0.42147,1256.510131,2,28,
ASV159_B,ASV159_B,,4,0.383143,0.40626,758.01961,6,24,
ASV160_B,ASV160_B,,3,0.393275,0.417227,1007.031729,7,24,
ASV161_B,ASV161_B,,4,0.380066,0.402898,759.341638,6,23,
ASV162_B,ASV162_B,,4,0.390913,0.416427,1277.787164,4,29,
ASV163_B,ASV163_B,,4,0.390326,0.414505,873.375146,5,25,
ASV166_B,ASV166_B,,4,0.373654,0.394332,460.409465,6,20,
ASV167_B,ASV167_B,,3,0.407436,0.434838,1591.152558,7,33,
ASV169_B,ASV169_B,,4,0.403488,0.430355,1474.618556,7,31,
ASV17_B,ASV17_B,,4,0.368757,0.387768,458.593041,6,18,
ASV170_B,ASV170_B,,3,0.399156,0.425392,1358.05533,7,30,
ASV172_B,ASV172_B,,4,0.376901,0.398255,616.822299,6,21,
ASV173_B,ASV173_B,,4,0.390034,0.415146,1118.655999,2,28,
ASV177_B,ASV177_B,,4,0.386271,0.409062,654.584637,7,22,
ASV179_B,ASV179_B,,4,0.386845,0.409622,714.254841,2,22,
ASV18_B,ASV18_B,,4,0.376084,0.397614,683.719575,6,22,
ASV181_B,ASV181_B,,4,0.383991,0.407141,795.436214,6,24,
ASV182_B,ASV182_B,,4,0.3809,0.402978,726.145246,1,22,
ASV185_B,ASV185_B,,4,0.388723,0.412824,804.882498,3,25,
ASV187_B,ASV187_B,,3,0.414411,0.442683,2071.179002,4,36,
ASV19_B,ASV19_B,,4,0.37622,0.398415,647.531555,2,24,
ASV190_B,ASV190_B,,4,0.406165,0.432677,1450.845992,3,30,
ASV191_B,ASV191_B,,3,0.391501,0.415946,925.117373,2,26,
ASV193_B,ASV193_B,,4,0.38385,0.40594,789.063698,0,21,
ASV194_B,ASV194_B,,4,0.407915,0.435399,1476.798837,3,33,
ASV197_B,ASV197_B,,4,0.379097,0.400576,650.820449,5,21,
ASV198_B,ASV198_B,,3,0.394917,0.419629,1062.137898,8,26,
ASV2_B,ASV2_B,,3,0.408235,0.435639,1634.870214,0,33,
ASV200_B,ASV200_B,,3,0.399616,0.425232,1310.743289,2,28,
ASV201_B,ASV201_B,,4,0.380343,0.401537,611.439474,4,19,
ASV203_B,ASV203_B,,4,0.377858,0.399616,710.041661,6,22,
ASV204_B,ASV204_B,,4,0.362844,0.378882,280.984719,2,13,
ASV206_B,ASV206_B,,3,0.38385,0.4065,832.810218,4,23,
ASV207_B,ASV207_B,,3,0.398088,0.422991,1201.705904,2,26,
ASV209_B,ASV209_B,,4,0.384275,0.40682,812.653019,4,22,
ASV21_B,ASV21_B,,4,0.377311,0.399536,636.636503,2,23,
ASV210_B,ASV210_B,,3,0.402086,0.429075,1452.894748,8,32,
ASV211_B,ASV211_B,,3,0.390766,0.413865,697.036659,8,22,
ASV213_B,ASV213_B,,4,0.398393,0.424111,1006.776506,2,28,
ASV214_B,ASV214_B,,4,0.374865,0.395213,596.555306,6,20,
ASV215_B,ASV215_B,,4,0.377858,0.398815,681.346061,5,19,
ASV219_B,ASV219_B,,4,0.39283,0.419068,1304.328097,8,31,
ASV22_B,ASV22_B,,4,0.375135,0.395053,556.270589,2,18,
ASV221_B,ASV221_B,,4,0.363605,0.381364,270.01774,5,15,
ASV222_B,ASV222_B,,4,0.382159,0.405139,822.267828,8,24,
ASV223_B,ASV223_B,,3,0.406641,0.433718,1429.736869,3,32,
ASV226_B,ASV226_B,,4,0.382721,0.4057,733.398331,8,24,
ASV227_B,ASV227_B,,4,0.382439,0.404419,651.313013,8,21,
ASV228_B,ASV228_B,,3,0.388433,0.411623,733.34962,6,23,
ASV229_B,ASV229_B,,4,0.382439,0.40586,850.946194,2,24,
ASV23_B,ASV23_B,,4,0.391059,0.416667,1226.140179,4,29,
ASV231_B,ASV231_B,,3,0.395817,0.420909,1250.663867,2,27,
ASV232_B,ASV232_B,,4,0.383002,0.40578,716.93244,2,23,
ASV233_B,ASV233_B,,4,0.388433,0.412984,924.559375,3,26,
ASV236_B,ASV236_B,,4,0.395367,0.420509,1092.804134,3,27,
ASV237_B,ASV237_B,,4,0.389742,0.413865,884.581302,2,25,
ASV238_B,ASV238_B,,4,0.394767,0.420829,1381.531203,6,30,
ASV239_B,ASV239_B,,4,0.381738,0.404019,739.562874,7,22,
ASV24_B,ASV24_B,,4,0.377996,0.399856,668.632641,8,22,
ASV240_B,ASV240_B,,4,0.386128,0.408902,740.904326,2,22,
ASV243_B,ASV243_B,,4,0.390913,0.415786,956.90387,5,27,
ASV244_B,ASV244_B,,3,0.390034,0.413705,822.985499,4,24,
ASV245_B,ASV245_B,,3,0.410327,0.43804,1653.44966,7,34,
ASV246_B,ASV246_B,,4,0.382439,0.405379,840.938012,6,24,
ASV247_B,ASV247_B,,4,0.394169,0.419629,1031.022958,6,28,
ASV249_B,ASV249_B,,4,0.381738,0.404339,820.399839,4,23,
ASV251_B,ASV251_B,,4,0.388288,0.412664,839.481278,8,26,
ASV252_B,ASV252_B,,3,0.400847,0.426513,1123.242896,3,28,
ASV253_B,ASV253_B,,4,0.378683,0.401297,691.696436,2,23,
ASV254_B,ASV254_B,,4,0.377858,0.399616,643.511408,8,22,
ASV255_B,ASV255_B,,4,0.38527,0.409222,802.052055,6,25,
ASV256_B,ASV256_B,,3,0.391353,0.415146,866.082742,7,24,
ASV257_B,ASV257_B,,4,0.386845,0.410343,800.557341,4,23,
ASV258_B,ASV258_B,,4,0.377037,0.398175,524.933071,8,20,
ASV261_B,ASV261_B,,4,0.386558,0.409702,734.987895,7,23,
ASV262_B,ASV262_B,,4,0.402086,0.428274,1169.299974,4,29,
ASV264_B,ASV264_B,,4,0.384133,0.408021,820.622183,4,26,
ASV265_B,ASV265_B,,4,0.391206,0.415386,1070.446144,4,25,
ASV267_B,ASV267_B,,4,0.393127,0.417867,1042.282199,2,26,
ASV269_B,ASV269_B,,4,0.379788,0.401537,579.713393,6,21,
ASV27_B,ASV27_B,,4,0.377311,0.398575,579.175139,2,21,
ASV271_B,ASV271_B,,4,0.405058,0.431876,1479.858037,7,31,
ASV275_B,ASV275_B,,4,0.383991,0.4065,634.076473,7,22,
ASV276_B,ASV276_B,,4,0.389013,0.413305,1058.134741,6,26,
ASV277_B,ASV277_B,,3,0.400077,0.426673,1195.391636,4,31,
ASV278_B,ASV278_B,,4,0.37152,0.391451,802.425061,7,20,
ASV279_B,ASV279_B,,4,0.370463,0.389369,371.304444,6,17,
ASV28_B,ASV28_B,,4,0.368496,0.387688,426.510388,8,18,
ASV283_B,ASV283_B,,4,0.395216,0.420349,1138.667128,4,27,
ASV284_B,ASV284_B,,4,0.389013,0.413625,998.284963,2,27,
ASV285_B,ASV285_B,,3,0.400385,0.426353,1388.300023,5,29,
ASV286_B,ASV286_B,,4,0.392238,0.417227,1052.373232,5,27,
ASV287_B,ASV287_B,,4,0.387854,0.410903,729.595746,5,22,
ASV288_B,ASV288_B,,4,0.38945,0.414185,1014.731566,5,27,
ASV290_B,ASV290_B,,3,0.405058,0.432117,1434.364167,4,32,
ASV291_B,ASV291_B,,4,0.393573,0.419228,1146.134164,2,29,
ASV292_B,ASV292_B,,4,0.391648,0.416186,926.956449,2,26,
ASV293_B,ASV293_B,,4,0.391943,0.415866,863.691773,7,24,
ASV295_B,ASV295_B,,4,0.379235,0.400016,623.004179,5,19,
ASV296_B,ASV296_B,,3,0.396571,0.42139,1197.656745,2,26,
ASV297_B,ASV297_B,,4,0.376901,0.398255,772.940462,8,21,
ASV298_B,ASV298_B,,3,0.40162,0.427313,1069.424631,7,28,
ASV30_B,ASV30_B,,4,0.384843,0.408021,987.522805,2,24,
ASV300_B,ASV300_B,,4,0.372451,0.392091,496.95068,4,18,
ASV301_B,ASV301_B,,4,0.377996,0.399616,566.097471,6,21,
ASV305_B,ASV305_B,,4,0.39283,0.417467,1054.665559,7,26,
ASV306_B,ASV306_B,,4,0.388578,0.412504,861.554741,5,25,
ASV308_B,ASV308_B,,4,0.360707,0.379123,320.384739,2,16,
ASV309_B,ASV309_B,,3,0.389304,0.414185,1027.833931,7,28,
ASV31_B,ASV31_B,,3,0.400385,0.426033,1399.275578,1,28,
ASV311_B,ASV311_B,,4,0.383284,0.405459,681.421492,7,21,
ASV314_B,ASV314_B,,4,0.405374,0.432917,1755.658633,6,33,
ASV315_B,ASV315_B,,4,0.393127,0.419068,1447.144242,7,30,
ASV316_B,ASV316_B,,4,0.388143,0.411784,983.971217,6,24,
ASV317_B,ASV317_B,,4,0.360332,0.378722,289.456016,2,17,
ASV318_B,ASV318_B,,4,0.382159,0.404019,810.460948,5,21,
ASV319_B,ASV319_B,,3,0.394318,0.418668,887.016495,4,25,
ASV32_B,ASV32_B,,4,0.369805,0.387928,353.329296,2,15,
ASV324_B,ASV324_B,,4,0.38385,0.4061,689.117329,3,21,
ASV325_B,ASV325_B,,4,0.384701,0.408101,849.511078,5,24,
ASV326_B,ASV326_B,,4,0.386128,0.408982,742.532631,2,22,
ASV328_B,ASV328_B,,4,0.402241,0.428034,1378.50224,1,28,
ASV330_B,ASV330_B,,4,0.350151,0.366074,343.185563,6,15,
ASV331_B,ASV331_B,,4,0.375541,0.396814,497.62714,2,21,
ASV332_B,ASV332_B,,4,0.380482,0.403218,771.194765,2,24,
ASV333_B,ASV333_B,,4,0.379927,0.403138,710.759456,7,25,
ASV334_B,ASV334_B,,4,0.379927,0.401697,602.838849,4,21,
ASV335_B,ASV335_B,,4,0.386701,0.410663,792.463721,3,25,
ASV337_B,ASV337_B,,4,0.382861,0.405139,726.090724,6,22,
ASV339_B,ASV339_B,,4,0.383284,0.40642,918.536709,6,24,
ASV34_B,ASV34_B,,4,0.352523,0.368316,255.595719,6,13,
ASV342_B,ASV342_B,,3,0.413917,0.441242,1635.667999,7,33,
ASV344_B,ASV344_B,,4,0.375541,0.397935,735.608763,2,23,
ASV345_B,ASV345_B,,4,0.394169,0.419549,1219.669214,8,28,
ASV346_B,ASV346_B,,4,0.375406,0.395133,465.111404,3,17,
ASV348_B,ASV348_B,,4,0.392682,0.417947,961.94557,4,28,
ASV349_B,ASV349_B,,4,0.379235,0.400817,513.284512,3,21,
ASV350_B,ASV350_B,,3,0.393275,0.417867,1300.050188,2,26,
ASV351_B,ASV351_B,,4,0.402552,0.428674,1311.608128,5,29,
ASV353_B,ASV353_B,,4,0.380343,0.403618,710.533194,2,25,
ASV355_B,ASV355_B,,3,0.38385,0.40586,677.357936,7,21,
ASV356_B,ASV356_B,,4,0.387565,0.412024,922.828552,2,27,
ASV357_B,ASV357_B,,4,0.390326,0.414185,875.280288,2,24,
ASV358_B,ASV358_B,,4,0.38945,0.414025,993.123429,2,26,
ASV359_B,ASV359_B,,4,0.387854,0.411463,908.533066,7,24,
ASV36_B,ASV36_B,,3,0.384417,0.407461,877.207845,2,24,
ASV362_B,ASV362_B,,4,0.373654,0.393612,497.88389,4,19,
ASV363_B,ASV363_B,,4,0.3809,0.402337,609.608053,7,20,
ASV364_B,ASV364_B,,4,0.385128,0.408341,884.752758,8,24,
ASV365_B,ASV365_B,,4,0.370595,0.39057,475.629418,3,19,
ASV366_B,ASV366_B,,4,0.391059,0.416907,1396.049886,1,30,
ASV367_B,ASV367_B,,4,0.387854,0.411864,763.334814,5,25,
ASV368_B,ASV368_B,,4,0.383143,0.40682,727.428604,2,25,
ASV370_B,ASV370_B,,3,0.407277,0.433718,1262.487616,0,30,
ASV372_B,ASV372_B,,4,0.39977,0.426193,1364.221105,7,30,
ASV373_B,ASV373_B,,4,0.392534,0.417147,1099.997276,6,26,
ASV374_B,ASV374_B,,4,0.372985,0.392411,414.887314,5,17,
ASV375_B,ASV375_B,,4,0.390034,0.414185,926.756586,4,25,
ASV376_B,ASV376_B,,4,0.388433,0.411784,790.920772,3,23,
ASV377_B,ASV377_B,,4,0.398851,0.424512,1070.085686,3,28,
ASV378_B,ASV378_B,,4,0.387277,0.411543,1000.282972,2,26,
ASV379_B,ASV379_B,,4,0.358101,0.373119,192.270477,0,11,
ASV38_B,ASV38_B,,4,0.378959,0.400977,909.686053,6,23,
ASV381_B,ASV381_B,,4,0.376492,0.398495,753.613553,6,23,
ASV382_B,ASV382_B,,4,0.351333,0.365834,393.286116,0,13,
ASV383_B,ASV383_B,,4,0.375812,0.396654,722.147885,7,20,
ASV386_B,ASV386_B,,4,0.381738,0.404419,636.813392,5,23,
ASV387_B,ASV387_B,,4,0.356141,0.371358,311.864582,6,13,
ASV388_B,ASV388_B,,3,0.401931,0.427954,1357.004555,0,29,
ASV389_B,ASV389_B,,4,0.380205,0.402658,798.01189,6,23,
ASV39_B,ASV39_B,,4,0.388578,0.412584,845.955239,2,25,
ASV391_B,ASV391_B,,4,0.384417,0.407221,715.641545,2,23,
ASV392_B,ASV392_B,,4,0.365135,0.383125,411.697326,7,17,
ASV393_B,ASV393_B,,3,0.393573,0.419148,1324.36175,6,29,
ASV395_B,ASV395_B,,3,0.410165,0.4382,2445.249371,7,35,
ASV396_B,ASV396_B,,4,0.389888,0.413625,966.630229,5,24,
ASV398_B,ASV398_B,,4,0.380482,0.403858,1051.619412,7,26,
ASV399_B,ASV399_B,,4,0.395517,0.42131,1157.787371,3,29,
ASV40_B,ASV40_B,,4,0.390619,0.415066,1012.972597,2,26,
ASV400_B,ASV400_B,,4,0.36171,0.378882,424.966232,7,17,
ASV401_B,ASV401_B,,4,0.378959,0.400817,629.306202,4,22,
ASV402_B,ASV402_B,,4,0.385984,0.408982,738.887294,3,23,
ASV403_B,ASV403_B,,3,0.386271,0.408581,717.478384,4,21,
ASV404_B,ASV404_B,,3,0.392682,0.417867,1271.390658,1,28,
ASV405_B,ASV405_B,,4,0.39627,0.42203,1071.920011,5,28,
ASV407_B,ASV407_B,,4,0.373654,0.395373,525.209532,2,22,
ASV41_B,ASV41_B,,4,0.37827,0.400176,802.882783,6,23,
ASV410_B,ASV410_B,,3,0.406165,0.433557,1529.383295,5,33,
ASV411_B,ASV411_B,,4,0.393573,0.419549,1221.726597,2,29,
ASV412_B,ASV412_B,,4,0.360582,0.377281,368.674536,1,15,
ASV413_B,ASV413_B,,4,0.384559,0.4065,634.360683,3,20,
ASV415_B,ASV415_B,,3,0.395817,0.420269,997.344164,6,25,
ASV416_B,ASV416_B,,4,0.378821,0.400817,664.753756,5,21,
ASV417_B,ASV417_B,,4,0.392978,0.418828,1048.459686,3,29,
ASV418_B,ASV418_B,,4,0.376628,0.396974,463.753176,4,19,
ASV419_B,ASV419_B,,4,0.405216,0.431396,1457.855869,4,29,
ASV421_B,ASV421_B,,4,0.367715,0.387208,680.259661,6,20,
ASV422_B,ASV422_B,,4,0.375948,0.396734,432.199404,5,19,
ASV423_B,ASV423_B,,4,0.390913,0.415066,866.735868,7,25,
ASV424_B,ASV424_B,,4,0.388868,0.412184,689.506135,7,23,
ASV425_B,ASV425_B,,3,0.392978,0.417227,994.662542,0,25,
ASV426_B,ASV426_B,,4,0.393573,0.417947,785.388728,3,25,
ASV427_B,ASV427_B,,4,0.358718,0.37432,289.931007,7,13,
ASV429_B,ASV429_B,,4,0.394318,0.418748,966.430454,3,25,
ASV430_B,ASV430_B,,4,0.371786,0.39065,373.327883,4,16,
ASV432_B,ASV432_B,,4,0.376492,0.397534,502.866394,2,19,
ASV434_B,ASV434_B,,3,0.387854,0.412264,1064.123865,3,27,
ASV435_B,ASV435_B,,4,0.379235,0.401057,664.22724,5,22,
ASV437_B,ASV437_B,,3,0.407277,0.434678,1537.719364,8,33,
ASV44_B,ASV44_B,,4,0.386989,0.411463,1143.041091,2,27,
ASV440_B,ASV440_B,,3,0.398851,0.424432,1190.380259,4,28,
ASV441_B,ASV441_B,,4,0.359337,0.374159,172.596808,2,11,
ASV443_B,ASV443_B,,4,0.397632,0.423231,1215.235148,2,28,
ASV444_B,ASV444_B,,4,0.392682,0.416427,830.93728,7,23,
ASV445_B,ASV445_B,,4,0.355776,0.371358,206.809882,6,12,
ASV447_B,ASV447_B,,4,0.377996,0.399536,661.29511,2,21,
ASV448_B,ASV448_B,,3,0.386128,0.409702,755.074401,6,25,
ASV450_B,ASV450_B,,4,0.4068,0.434038,1468.769488,5,32,
ASV452_B,ASV452_B,,4,0.393871,0.418908,1146.441181,3,27,
ASV454_B,ASV454_B,,4,0.372718,0.392331,450.68143,5,18,
ASV455_B,ASV455_B,,4,0.403958,0.430756,1408.094958,4,31,
ASV456_B,ASV456_B,,4,0.381598,0.404739,706.212157,1,25,
ASV458_B,ASV458_B,,4,0.394917,0.419789,1160.985126,7,26,
ASV459_B,ASV459_B,,4,0.39402,0.419709,1480.284624,6,29,
ASV46_B,ASV46_B,,3,0.395817,0.420589,1196.78539,5,26,
ASV460_B,ASV460_B,,4,0.368757,0.387128,354.271229,1,16,
ASV461_B,ASV461_B,,4,0.394767,0.419549,1039.168559,4,26,
ASV463_B,ASV463_B,,4,0.39931,0.424672,1177.08154,1,27,
ASV464_B,ASV464_B,,4,0.371919,0.391931,492.937562,6,19,
ASV465_B,ASV465_B,,4,0.355897,0.371118,203.664964,4,12,
ASV466_B,ASV466_B,,3,0.389013,0.411944,722.677969,3,22,
ASV469_B,ASV469_B,,4,0.389013,0.412664,749.845194,3,24,
ASV47_B,ASV47_B,,3,0.390473,0.414505,949.071979,7,25,
ASV470_B,ASV470_B,,3,0.403645,0.430035,1299.117585,5,30,
ASV471_B,ASV471_B,,4,0.383708,0.40626,696.888688,3,22,
ASV473_B,ASV473_B,,4,0.371653,0.39041,368.365506,5,16,
ASV474_B,ASV474_B,,3,0.386701,0.410663,1011.038345,6,26,
ASV475_B,ASV475_B,,4,0.368105,0.386487,527.256521,8,17,
ASV476_B,ASV476_B,,3,0.383284,0.405219,633.377401,3,21,
ASV477_B,ASV477_B,,4,0.372184,0.391531,454.41585,8,18,
ASV478_B,ASV478_B,,3,0.396874,0.42171,955.808133,8,26,
ASV48_B,ASV48_B,,4,0.368365,0.387448,441.687481,5,17,
ASV480_B,ASV480_B,,4,0.387709,0.411063,690.534598,0,23,
ASV483_B,ASV483_B,,3,0.387565,0.410022,698.732873,4,21,
ASV486_B,ASV486_B,,4,0.388578,0.411864,884.060999,3,23,
ASV487_B,ASV487_B,,4,0.391943,0.416507,1086.995994,3,26,
ASV488_B,ASV488_B,,4,0.370859,0.391451,708.343989,6,21,
ASV489_B,ASV489_B,,3,0.39931,0.425232,1591.560337,5,29,
ASV49_B,ASV49_B,,4,0.39931,0.425312,1335.197131,3,29,
ASV492_B,ASV492_B,,3,0.406165,0.432917,1408.181747,3,31,
ASV493_B,ASV493_B,,4,0.37622,0.397534,572.535586,3,21,
ASV495_B,ASV495_B,,4,0.398545,0.423871,1051.644949,3,27,
ASV497_B,ASV497_B,,4,0.379097,0.402337,761.449984,6,25,
ASV499_B,ASV499_B,,4,0.383143,0.4057,693.186817,2,22,
ASV5_B,ASV5_B,,3,0.385984,0.408902,758.682827,6,23,
ASV50_B,ASV50_B,,4,0.396723,0.422991,1318.398007,2,30,
ASV500_B,ASV500_B,,4,0.380482,0.401537,563.117769,5,19,
ASV501_B,ASV501_B,,4,0.382439,0.404979,778.277086,3,23,
ASV503_B,ASV503_B,,4,0.380343,0.402257,691.707598,2,21,
ASV504_B,ASV504_B,,4,0.393275,0.418668,1145.839403,3,28,
ASV506_B,ASV506_B,,4,0.385841,0.408181,651.89106,3,21,
ASV51_B,ASV51_B,,3,0.391501,0.416266,1081.877217,6,27,
ASV510_B,ASV510_B,,4,0.383143,0.40682,1085.38271,6,26,
ASV511_B,ASV511_B,,4,0.388288,0.412904,1068.292966,5,27,
ASV513_B,ASV513_B,,4,0.376628,0.397775,589.357415,5,20,
ASV515_B,ASV515_B,,4,0.399003,0.426033,1472.211472,7,32,
ASV516_B,ASV516_B,,4,0.391206,0.415706,893.086247,5,25,
ASV517_B,ASV517_B,,4,0.384843,0.408341,833.69108,4,25,
ASV518_B,ASV518_B,,4,0.382861,0.405299,645.708844,3,22,
ASV519_B,ASV519_B,,3,0.387709,0.410503,871.909119,2,22,
ASV52_B,ASV52_B,,4,0.384701,0.408101,719.086032,2,24,
ASV521_B,ASV521_B,,3,0.398393,0.423951,1191.850653,5,28,
ASV523_B,ASV523_B,,3,0.404901,0.431316,1449.285221,4,30,
ASV525_B,ASV525_B,,3,0.384701,0.407461,871.614556,1,23,
ASV526_B,ASV526_B,,3,0.377996,0.398815,575.699153,4,20,
ASV527_B,ASV527_B,,3,0.40302,0.430035,1508.342189,3,32,
ASV528_B,ASV528_B,,4,0.394617,0.419068,899.56423,2,25,
ASV529_B,ASV529_B,,3,0.391206,0.415306,914.403901,4,25,
ASV532_B,ASV532_B,,4,0.375406,0.395773,583.596114,2,19,
ASV533_B,ASV533_B,,4,0.374191,0.394733,488.409137,2,19,
ASV536_B,ASV536_B,,4,0.392238,0.415866,852.372473,0,23,
ASV537_B,ASV537_B,,4,0.378408,0.399456,617.604389,1,20,
ASV538_B,ASV538_B,,3,0.386845,0.409542,736.004038,4,22,
ASV539_B,ASV539_B,,4,0.37965,0.401137,791.861295,6,21,
ASV54_B,ASV54_B,,3,0.400077,0.425392,1341.374984,4,27,
ASV540_B,ASV540_B,,4,0.390913,0.415146,904.828763,3,25,
ASV541_B,ASV541_B,,4,0.380205,0.401857,656.105978,6,21,
ASV542_B,ASV542_B,,4,0.389888,0.414265,1113.973922,8,26,
ASV543_B,ASV543_B,,4,0.390034,0.413865,872.98475,5,24,
ASV544_B,ASV544_B,,4,0.389159,0.413305,933.27847,5,25,
ASV546_B,ASV546_B,,4,0.391501,0.416026,1069.313042,1,26,
ASV548_B,ASV548_B,,4,0.373118,0.394412,491.281953,2,21,
ASV549_B,ASV549_B,,4,0.358471,0.373679,226.875615,4,12,
ASV55_B,ASV55_B,,4,0.394767,0.420589,1193.828278,2,29,
ASV550_B,ASV550_B,,4,0.37827,0.400656,743.202033,4,23,
ASV551_B,ASV551_B,,4,0.3809,0.403618,993.641181,6,24,
ASV552_B,ASV552_B,,4,0.391943,0.416907,899.158834,3,26,
ASV553_B,ASV553_B,,4,0.367325,0.385207,393.086875,6,16,
ASV554_B,ASV554_B,,4,0.393424,0.418108,1020.271728,3,26,
ASV555_B,ASV555_B,,4,0.37473,0.395293,464.102514,8,19,
ASV556_B,ASV556_B,,4,0.387277,0.410263,710.560448,4,22,
ASV558_B,ASV558_B,,4,0.383002,0.404819,583.784997,2,20,
ASV559_B,ASV559_B,,3,0.404901,0.431636,1483.556935,7,31,
ASV56_B,ASV56_B,,4,0.382159,0.40554,704.920702,8,25,
ASV560_B,ASV560_B,,3,0.393573,0.417867,875.88952,3,25,
ASV561_B,ASV561_B,,4,0.380482,0.402978,721.056098,4,23,
ASV562_B,ASV562_B,,4,0.38104,0.402658,576.309325,6,20,
ASV563_B,ASV563_B,,4,0.384133,0.407701,913.66381,6,25,
ASV564_B,ASV564_B,,4,0.373252,0.394172,734.280093,6,21,
ASV565_B,ASV565_B,,4,0.397025,0.42227,1031.731962,3,27,
ASV568_B,ASV568_B,,4,0.397328,0.423311,1218.961851,3,29,
ASV569_B,ASV569_B,,4,0.386845,0.410583,820.023054,2,24,
ASV57_B,ASV57_B,,4,0.378683,0.399936,856.340302,6,20,
ASV570_B,ASV570_B,,4,0.396571,0.42187,1192.626772,2,27,
ASV571_B,ASV571_B,,4,0.385698,0.409222,693.354963,2,24,
ASV572_B,ASV572_B,,4,0.382299,0.40578,863.764377,4,25,
ASV573_B,ASV573_B,,4,0.37965,0.401137,633.040357,4,20,
ASV575_B,ASV575_B,,4,0.381598,0.403458,560.358068,3,21,
ASV576_B,ASV576_B,,4,0.38104,0.402097,586.752694,1,19,
ASV577_B,ASV577_B,,4,0.388433,0.411944,812.342852,5,23,
ASV578_B,ASV578_B,,4,0.358101,0.373759,262.66585,8,13,
ASV58_B,ASV58_B,,3,0.387421,0.411143,843.425851,2,25,
ASV580_B,ASV580_B,,4,0.365007,0.382405,415.023311,7,16,
ASV583_B,ASV583_B,,4,0.394767,0.420189,1184.95289,1,28,
ASV587_B,ASV587_B,,4,0.387999,0.412344,828.154653,4,26,
ASV589_B,ASV589_B,,4,0.394617,0.419068,922.151991,3,25,
ASV59_B,ASV59_B,,4,0.37527,0.396414,517.977683,2,21,
ASV590_B,ASV590_B,,4,0.3809,0.402337,535.757724,0,20,
ASV593_B,ASV593_B,,4,0.381319,0.402818,610.452882,5,20,
ASV594_B,ASV594_B,,4,0.385413,0.409302,1098.43457,6,26,
ASV595_B,ASV595_B,,4,0.39748,0.423071,1179.261338,4,28,
ASV597_B,ASV597_B,,4,0.379235,0.400416,536.68173,3,20,
ASV598_B,ASV598_B,,4,0.389159,0.414425,996.663012,2,28,
ASV599_B,ASV599_B,,3,0.39209,0.416587,873.966446,7,26,
ASV6_B,ASV6_B,,4,0.372985,0.393132,675.519298,2,20,
ASV60_B,ASV60_B,,4,0.374865,0.395613,688.554335,6,20,
ASV600_B,ASV600_B,,4,0.380622,0.402738,596.113363,8,21,
ASV601_B,ASV601_B,,4,0.362465,0.378802,368.945997,6,14,
ASV602_B,ASV602_B,,3,0.39748,0.422671,1240.998243,6,27,
ASV603_B,ASV603_B,,4,0.385128,0.408421,874.223768,6,24,
ASV605_B,ASV605_B,,4,0.399463,0.425552,1222.651184,7,29,
ASV609_B,ASV609_B,,3,0.38945,0.412424,754.313753,7,22,
ASV61_B,ASV61_B,,4,0.386558,0.410823,923.152856,2,26,
ASV611_B,ASV611_B,,4,0.394468,0.419869,1031.435047,3,28,
ASV612_B,ASV612_B,,4,0.385413,0.409462,1065.638029,6,26,
ASV613_B,ASV613_B,,4,0.379927,0.402818,797.933233,6,24,
ASV614_B,ASV614_B,,4,0.367455,0.386487,458.786025,1,19,
ASV615_B,ASV615_B,,4,0.37827,0.401137,782.149856,3,24,
ASV617_B,ASV617_B,,4,0.382159,0.40554,848.077922,4,25,
ASV619_B,ASV619_B,,4,0.371388,0.391531,436.435764,8,20,
ASV620_B,ASV620_B,,3,0.415569,0.442843,1661.640721,3,33,
ASV621_B,ASV621_B,,4,0.386271,0.409862,756.239951,5,24,
ASV624_B,ASV624_B,,4,0.379235,0.401937,680.336003,2,24,
ASV625_B,ASV625_B,,4,0.370595,0.389609,544.642255,1,18,
ASV628_B,ASV628_B,,3,0.394917,0.419629,985.145219,5,26,
ASV629_B,ASV629_B,,4,0.370463,0.389529,515.008708,6,18,
ASV63_B,ASV63_B,,3,0.392534,0.416747,997.093544,1,25,
ASV632_B,ASV632_B,,4,0.402708,0.429155,1396.953757,3,30,
ASV633_B,ASV633_B,,4,0.372584,0.39137,417.19248,2,16,
ASV634_B,ASV634_B,,4,0.372584,0.392411,438.229693,4,18,
ASV635_B,ASV635_B,,4,0.382159,0.404739,775.251527,7,22,
ASV638_B,ASV638_B,,4,0.384985,0.407541,859.588811,5,22,
ASV639_B,ASV639_B,,4,0.388723,0.412984,1045.77303,6,26,
ASV64_B,ASV64_B,,4,0.380622,0.403058,778.521771,2,23,
ASV644_B,ASV644_B,,3,0.388868,0.412744,1003.867857,6,25,
ASV646_B,ASV646_B,,4,0.383002,0.405379,743.032661,7,22,
ASV648_B,ASV648_B,,4,0.372318,0.393132,730.526529,6,21,
ASV649_B,ASV649_B,,4,0.357609,0.372719,175.418984,7,12,
ASV65_B,ASV65_B,,4,0.378959,0.401297,639.343905,2,23,
ASV651_B,ASV651_B,,4,0.388868,0.412824,877.92124,5,25,
ASV653_B,ASV653_B,,4,0.386414,0.409302,757.501573,3,22,
ASV654_B,ASV654_B,,4,0.380622,0.402818,693.249491,4,22,
ASV656_B,ASV656_B,,4,0.394767,0.42115,1330.582182,7,30,
ASV657_B,ASV657_B,,4,0.379235,0.401057,594.862001,2,21,
ASV659_B,ASV659_B,,4,0.366163,0.384166,384.736361,1,16,
ASV66_B,ASV66_B,,4,0.387277,0.410823,854.292879,2,24,
ASV663_B,ASV663_B,,3,0.408556,0.435639,1505.636567,0,32,
ASV664_B,ASV664_B,,4,0.395968,0.42115,1081.667626,5,27,
ASV668_B,ASV668_B,,4,0.384417,0.407381,916.710426,2,23,
ASV674_B,ASV674_B,,4,0.378408,0.400817,928.03094,4,23,
ASV679_B,ASV679_B,,3,0.381458,0.403458,743.357817,5,22,
ASV68_B,ASV68_B,,3,0.393722,0.418668,1273.918605,3,27,
ASV681_B,ASV681_B,,4,0.376764,0.398015,691.562073,8,21,
ASV682_B,ASV682_B,,4,0.385984,0.409062,930.551559,6,23,
ASV684_B,ASV684_B,,4,0.392386,0.416987,798.753508,3,25,
ASV685_B,ASV685_B,,4,0.386128,0.409382,717.606864,4,23,
ASV686_B,ASV686_B,,4,0.367715,0.386808,522.725312,3,18,
ASV687_B,ASV687_B,,4,0.375948,0.396494,550.742974,5,19,
ASV689_B,ASV689_B,,4,0.367585,0.385767,292.276302,2,15,
ASV692_B,ASV692_B,,4,0.372184,0.392972,690.37136,6,22,
ASV694_B,ASV694_B,,3,0.393871,0.419148,1465.842796,6,28,
ASV695_B,ASV695_B,,3,0.395817,0.42123,1238.990687,4,28,
ASV697_B,ASV697_B,,4,0.374326,0.394172,471.618436,4,18,
ASV698_B,ASV698_B,,4,0.372718,0.392571,476.936378,3,19,
ASV699_B,ASV699_B,,4,0.380343,0.402738,744.846319,4,23,
ASV7_B,ASV7_B,,4,0.400231,0.426913,1439.83327,8,31,
ASV70_B,ASV70_B,,4,0.383991,0.407461,882.711606,2,25,
ASV700_B,ASV700_B,,4,0.379097,0.399696,599.279364,1,18,
ASV701_B,ASV701_B,,3,0.37965,0.401057,742.377661,7,21,
ASV702_B,ASV702_B,,4,0.385556,0.409302,796.395649,8,25,
ASV703_B,ASV703_B,,4,0.372184,0.39137,597.710717,1,18,
ASV704_B,ASV704_B,,4,0.376084,0.397054,639.132557,1,20,
ASV705_B,ASV705_B,,3,0.394767,0.418828,953.537259,0,24,
ASV708_B,ASV708_B,,4,0.400231,0.426273,1389.960427,5,29,
ASV710_B,ASV710_B,,4,0.386128,0.410343,1116.068696,4,26,
ASV712_B,ASV712_B,,3,0.394318,0.418988,1010.179165,5,26,
ASV713_B,ASV713_B,,4,0.399156,0.424832,1158.474898,3,28,
ASV714_B,ASV714_B,,4,0.376492,0.397935,887.981621,6,22,
ASV718_B,ASV718_B,,4,0.391501,0.416827,1236.435431,6,28,
ASV719_B,ASV719_B,,4,0.38104,0.402898,758.752575,1,21,
ASV72_B,ASV72_B,,4,0.396723,0.423551,1287.037785,2,32,
ASV720_B,ASV720_B,,3,0.381458,0.403138,681.996149,6,21,
ASV721_B,ASV721_B,,4,0.36928,0.388008,555.570579,7,18,
ASV722_B,ASV722_B,,4,0.383991,0.408341,952.792889,8,28,
ASV724_B,ASV724_B,,4,0.388578,0.412424,913.166079,5,24,
ASV726_B,ASV726_B,,4,0.387999,0.411543,972.512808,1,24,
ASV728_B,ASV728_B,,4,0.376901,0.397935,563.145294,3,20,
ASV73_B,ASV73_B,,3,0.400077,0.425712,1253.788746,2,28,
ASV732_B,ASV732_B,,4,0.386701,0.410183,1017.979434,4,24,
ASV733_B,ASV733_B,,4,0.387277,0.411143,887.903364,0,25,
ASV734_B,ASV734_B,,4,0.383425,0.4061,687.299754,3,23,
ASV736_B,ASV736_B,,4,0.36928,0.387528,478.124824,0,16,
ASV737_B,ASV737_B,,4,0.379235,0.400977,708.057703,1,22,
ASV738_B,ASV738_B,,4,0.378683,0.402177,800.308495,2,27,
ASV74_B,ASV74_B,,4,0.374595,0.394893,526.616626,6,19,
ASV740_B,ASV740_B,,4,0.389742,0.414425,1092.694507,0,27,
ASV743_B,ASV743_B,,4,0.371786,0.39041,398.611242,7,16,
ASV744_B,ASV744_B,,4,0.377311,0.398735,668.810291,3,22,
ASV746_B,ASV746_B,,4,0.378408,0.399536,736.248134,6,20,
ASV747_B,ASV747_B,,4,0.386128,0.408501,709.167449,5,21,
ASV749_B,ASV749_B,,4,0.383002,0.40602,707.390314,3,23,
ASV750_B,ASV750_B,,4,0.385984,0.409782,719.477287,7,25,
ASV751_B,ASV751_B,,3,0.395968,0.420749,1039.525856,5,26,
ASV752_B,ASV752_B,,4,0.392534,0.417467,1014.114384,1,27,
ASV754_B,ASV754_B,,4,0.382159,0.404179,755.518709,0,21,
ASV756_B,ASV756_B,,3,0.393127,0.418348,1314.376933,3,28,
ASV760_B,ASV760_B,,4,0.376492,0.397294,549.240517,5,20,
ASV762_B,ASV762_B,,3,0.390326,0.414025,862.152109,1,24,
ASV763_B,ASV763_B,,4,0.363478,0.380403,316.110793,7,14,
ASV766_B,ASV766_B,,4,0.387277,0.410983,844.304697,2,24,
ASV769_B,ASV769_B,,4,0.389742,0.413705,791.343117,2,24,
ASV77_B,ASV77_B,,4,0.378133,0.399856,674.373728,8,22,
ASV770_B,ASV770_B,,4,0.397025,0.423311,1557.600959,2,30,
ASV772_B,ASV772_B,,4,0.379097,0.400336,708.365888,2,20,
ASV773_B,ASV773_B,,3,0.410004,0.43772,1931.561336,1,34,
ASV774_B,ASV774_B,,4,0.380482,0.403618,754.069948,4,25,
ASV775_B,ASV775_B,,4,0.397784,0.424031,1234.177226,0,30,
ASV776_B,ASV776_B,,4,0.373922,0.393692,529.429379,4,18,
ASV777_B,ASV777_B,,4,0.376764,0.397134,508.650281,3,19,
ASV778_B,ASV778_B,,4,0.37527,0.395853,675.233724,6,20,
ASV779_B,ASV779_B,,4,0.383143,0.40554,732.735281,7,22,
ASV78_B,ASV78_B,,4,0.389159,0.413865,1192.337992,2,27,
ASV781_B,ASV781_B,,4,0.377584,0.398735,580.694051,6,21,
ASV783_B,ASV783_B,,4,0.387565,0.411463,1003.897391,0,25,
ASV785_B,ASV785_B,,4,0.366034,0.384166,320.469117,6,15,
ASV786_B,ASV786_B,,4,0.388578,0.412584,922.928582,8,25,
ASV787_B,ASV787_B,,4,0.37527,0.396013,735.38483,0,21,
ASV788_B,ASV788_B,,4,0.356385,0.371678,235.4729,4,13,
ASV789_B,ASV789_B,,4,0.387421,0.411303,998.414182,6,25,
ASV79_B,ASV79_B,,4,0.385556,0.408822,817.646057,6,24,
ASV793_B,ASV793_B,,4,0.361961,0.379363,240.475319,2,15,
ASV798_B,ASV798_B,,3,0.391501,0.415626,838.380534,0,25,
ASV8_B,ASV8_B,,4,0.380761,0.403858,715.800248,6,25,
ASV80_B,ASV80_B,,3,0.386701,0.410663,1064.902471,2,26,
ASV800_B,ASV800_B,,4,0.356019,0.370957,234.308574,0,13,
ASV801_B,ASV801_B,,4,0.390473,0.414265,805.545688,2,24,
ASV802_B,ASV802_B,,4,0.394767,0.420509,1241.148008,7,29,
ASV804_B,ASV804_B,,3,0.403332,0.429395,1158.939115,3,29,
ASV806_B,ASV806_B,,4,0.381179,0.402578,701.146688,7,20,
ASV809_B,ASV809_B,,4,0.376492,0.397775,652.580135,6,21,
ASV810_B,ASV810_B,,4,0.375948,0.396734,558.838053,4,20,
ASV811_B,ASV811_B,,4,0.381598,0.404019,785.174076,1,23,
ASV816_B,ASV816_B,,4,0.343678,0.355668,67.288333,0,7,
ASV817_B,ASV817_B,,4,0.387709,0.412504,1080.326393,5,28,
ASV818_B,ASV818_B,,4,0.372985,0.394332,666.171735,6,22,
ASV819_B,ASV819_B,,4,0.383567,0.40642,754.749366,8,22,
ASV820_B,ASV820_B,,4,0.375,0.395293,550.108119,8,19,
ASV821_B,ASV821_B,,3,0.385841,0.409062,915.127129,6,24,
ASV822_B,ASV822_B,,4,0.37827,0.399856,521.339184,8,21,
ASV826_B,ASV826_B,,3,0.411462,0.438521,1637.027098,0,32,
ASV828_B,ASV828_B,,4,0.376628,0.397374,612.046901,1,20,
ASV829_B,ASV829_B,,3,0.392238,0.416106,937.832534,4,24,
ASV830_B,ASV830_B,,4,0.361458,0.376961,285.272673,4,13,
ASV831_B,ASV831_B,,4,0.370595,0.38993,612.967345,5,18,
ASV832_B,ASV832_B,,4,0.373252,0.392731,515.507628,0,17,
ASV833_B,ASV833_B,,4,0.391353,0.415626,1010.512413,4,25,
ASV834_B,ASV834_B,,3,0.39018,0.413545,774.765589,3,23,
ASV835_B,ASV835_B,,3,0.386701,0.410022,778.522135,1,24,
ASV838_B,ASV838_B,,4,0.387709,0.410903,890.446551,3,23,
ASV839_B,ASV839_B,,3,0.391353,0.415146,944.542885,3,24,
ASV84_B,ASV84_B,,4,0.372985,0.393052,426.406719,2,18,
ASV840_B,ASV840_B,,4,0.373654,0.393692,470.141971,3,18,
ASV844_B,ASV844_B,,4,0.389013,0.413465,880.333707,7,26,
ASV845_B,ASV845_B,,4,0.387999,0.412584,1013.691408,2,27,
ASV848_B,ASV848_B,,4,0.38258,0.405139,803.315268,6,23,
ASV849_B,ASV849_B,,4,0.374865,0.395933,766.980736,6,21,
ASV85_B,ASV85_B,,4,0.368496,0.388008,402.591302,6,18,
ASV850_B,ASV850_B,,4,0.385984,0.408982,749.015444,4,23,
ASV851_B,ASV851_B,,4,0.364879,0.383205,340.420405,0,17,
ASV852_B,ASV852_B,,4,0.381598,0.403939,577.662736,4,22,
ASV853_B,ASV853_B,,4,0.379511,0.403058,769.274231,2,26,
ASV855_B,ASV855_B,,3,0.396119,0.42187,1517.142824,6,29,
ASV856_B,ASV856_B,,4,0.38385,0.407781,968.134643,5,26,
ASV858_B,ASV858_B,,4,0.365391,0.383846,472.375383,6,17,
ASV859_B,ASV859_B,,3,0.397177,0.422991,1471.042085,5,29,
ASV86_B,ASV86_B,,4,0.382299,0.404579,615.349424,8,22,
ASV860_B,ASV860_B,,4,0.38104,0.402978,621.128033,2,21,
ASV862_B,ASV862_B,,4,0.378545,0.399376,579.375326,6,19,
ASV865_B,ASV865_B,,4,0.387421,0.411223,883.974695,5,25,
ASV866_B,ASV866_B,,4,0.370068,0.389769,433.015348,6,18,
ASV867_B,ASV867_B,,4,0.373118,0.392811,526.007173,5,18,
ASV869_B,ASV869_B,,4,0.37152,0.39081,504.91041,1,18,
ASV871_B,ASV871_B,,4,0.366678,0.384886,483.003819,1,18,
ASV872_B,ASV872_B,,4,0.360208,0.37576,218.841341,3,12,
ASV879_B,ASV879_B,,4,0.384133,0.407541,946.96699,7,25,
ASV88_B,ASV88_B,,3,0.39642,0.42187,1247.059045,4,28,
ASV882_B,ASV882_B,,4,0.37965,0.401937,656.37976,2,22,
ASV883_B,ASV883_B,,4,0.386271,0.410022,823.274319,0,25,
ASV884_B,ASV884_B,,4,0.378959,0.400336,801.45599,4,21,
ASV887_B,ASV887_B,,4,0.373386,0.392972,546.683581,7,18,
ASV89_B,ASV89_B,,3,0.391501,0.416266,1113.642481,6,27,
ASV890_B,ASV890_B,,4,0.376628,0.397374,517.851347,3,19,
ASV893_B,ASV893_B,,4,0.381319,0.403698,733.482763,8,22,
ASV895_B,ASV895_B,,3,0.393127,0.418348,1008.695721,0,28,
ASV896_B,ASV896_B,,4,0.379097,0.400176,612.701798,7,20,
ASV897_B,ASV897_B,,4,0.379235,0.400336,614.373984,0,20,
ASV899_B,ASV899_B,,4,0.379927,0.401937,629.663437,4,22,
ASV9_B,ASV9_B,,4,0.384701,0.407621,904.817826,2,23,
ASV90_B,ASV90_B,,3,0.393424,0.418028,1150.667657,7,26,
ASV904_B,ASV904_B,,4,0.377858,0.399215,672.350708,2,21,
ASV908_B,ASV908_B,,4,0.379927,0.401937,815.832603,6,22,
ASV909_B,ASV909_B,,4,0.373788,0.394012,439.142038,4,19,
ASV91_B,ASV91_B,,3,0.398393,0.423951,1324.012801,7,28,
ASV911_B,ASV911_B,,4,0.386701,0.410743,1136.488616,7,26,
ASV912_B,ASV912_B,,4,0.385698,0.409062,702.903753,4,24,
ASV913_B,ASV913_B,,4,0.381598,0.403218,562.008617,2,20,
ASV914_B,ASV914_B,,3,0.391648,0.416106,972.856934,7,26,
ASV915_B,ASV915_B,,4,0.371255,0.39009,400.449684,8,16,
ASV917_B,ASV917_B,,4,0.383143,0.40642,848.306044,2,24,
ASV918_B,ASV918_B,,4,0.362844,0.379923,360.524903,7,16,
ASV92_B,ASV92_B,,4,0.381598,0.403458,661.753308,6,21,
ASV921_B,ASV921_B,,4,0.39627,0.42115,1002.026588,3,26,
ASV923_B,ASV923_B,,3,0.390766,0.415786,1099.300337,5,28,
ASV925_B,ASV925_B,,4,0.391353,0.415226,792.079458,3,24,
ASV927_B,ASV927_B,,4,0.364496,0.382004,341.382957,5,16,
ASV928_B,ASV928_B,,4,0.376356,0.397134,478.432691,3,19,
ASV929_B,ASV929_B,,4,0.370595,0.389049,317.981547,3,16,
ASV93_B,ASV93_B,,4,0.373386,0.392571,472.347056,1,17,
ASV931_B,ASV931_B,,4,0.362339,0.379363,349.294744,6,16,
ASV936_B,ASV936_B,,4,0.384417,0.40658,810.163644,1,21,
ASV940_B,ASV940_B,,4,0.389596,0.413705,977.204169,6,25,
ASV942_B,ASV942_B,,3,0.388288,0.412104,1047.677386,5,25,
ASV95_B,ASV95_B,,4,0.389013,0.413305,953.072267,6,26,
ASV950_B,ASV950_B,,4,0.378545,0.400096,600.312524,6,21,
ASV951_B,ASV951_B,,4,0.353721,0.369677,320.65177,6,14,
ASV954_B,ASV954_B,,4,0.384417,0.4069,695.201497,5,22,
ASV955_B,ASV955_B,,3,0.398393,0.424592,1446.634421,7,30,
ASV958_B,ASV958_B,,4,0.377311,0.398575,859.072394,6,21,
ASV959_B,ASV959_B,,4,0.341648,0.355908,221.384914,6,11,
ASV96_B,ASV96_B,,4,0.37152,0.39089,434.49777,8,18,
ASV966_B,ASV966_B,,4,0.384843,0.408662,996.730595,3,25,
ASV969_B,ASV969_B,,4,0.37352,0.393932,501.275374,2,19,
ASV97_B,ASV97_B,,3,0.393871,0.418188,1002.510582,5,25,
ASV970_B,ASV970_B,,3,0.384843,0.407621,813.511347,3,23,
ASV977_B,ASV977_B,,4,0.363605,0.382004,600.591008,7,18,
ASV98_B,ASV98_B,,3,0.39402,0.418988,1224.511532,2,27,
ASV99_B,ASV99_B,,3,0.385984,0.408902,907.668829,5,23,
ASV993_B,ASV993_B,,3,0.402864,0.429555,1659.870773,5,31,
ASV994_B,ASV994_B,,4,0.391059,0.415226,1103.45549,5,25,
ASV_1_A,ASV_1_A,,4,0.381738,0.402978,573.275088,2,19,4
ASV_10_A,ASV_10_A,,3,0.399616,0.426193,1459.341368,2,31,4
ASV_100_A,ASV_100_A,,4,0.370859,0.389049,353.455232,1,15,4
ASV_101_A,ASV_101_A,,3,0.394767,0.420749,1149.435165,3,30,4
ASV_102_A,ASV_102_A,,3,0.414906,0.442843,1882.972407,1,35,4
ASV_104_A,ASV_104_A,,4,0.399463,0.426833,1866.094196,3,33,4
ASV_105_A,ASV_105_A,,4,0.392386,0.417707,1063.635051,2,27,4
ASV_107_A,ASV_107_A,,3,0.397328,0.422831,1555.576113,7,28,4
ASV_108_A,ASV_108_A,,4,0.395667,0.42115,1277.779027,3,28,4
ASV_11_A,ASV_11_A,,4,0.389304,0.413705,936.825005,2,26,4
ASV_111_A,ASV_111_A,,3,0.38945,0.412744,888.983099,7,23,4
ASV_114_A,ASV_114_A,,4,0.393424,0.418108,1170.92377,1,26,4
ASV_119_A,ASV_119_A,,4,0.392238,0.416507,872.173024,0,25,4
ASV_12_A,ASV_12_A,,4,0.386558,0.411063,1073.030223,8,27,4
ASV_120_A,ASV_120_A,,4,0.378959,0.400016,711.692048,1,20,4
ASV_121_A,ASV_121_A,,4,0.370068,0.389609,504.453965,3,18,4
ASV_125_A,ASV_125_A,,4,0.376901,0.397614,1008.199027,6,20,4
ASV_126_A,ASV_126_A,,4,0.385556,0.408261,746.649452,7,22,4
ASV_127_A,ASV_127_A,,3,0.387421,0.410183,738.827248,2,22,4
ASV_13_A,ASV_13_A,,3,0.39824,0.424111,1367.641799,2,29,4
ASV_131_A,ASV_131_A,,3,0.384985,0.407461,831.841857,1,22,4
ASV_132_A,ASV_132_A,,3,0.380066,0.401857,612.876376,3,22,4
ASV_133_A,ASV_133_A,,4,0.371786,0.39137,664.513301,6,19,4
ASV_138_A,ASV_138_A,,4,0.377174,0.398975,831.009433,1,23,4
ASV_139_A,ASV_139_A,,4,0.384417,0.407861,804.35226,8,25,4
ASV_14_A,ASV_14_A,,4,0.369936,0.388409,393.769633,6,16,4
ASV_140_A,ASV_140_A,,4,0.371786,0.39073,551.90652,1,17,4
ASV_141_A,ASV_141_A,,4,0.387421,0.410263,779.977166,3,22,4
ASV_142_A,ASV_142_A,,4,0.382299,0.403858,627.592315,3,20,4
ASV_146_A,ASV_146_A,,4,0.385128,0.408581,826.533961,3,24,4
ASV_148_A,ASV_148_A,,4,0.347,0.360711,132.673286,1,10,4
ASV_15_A,ASV_15_A,,3,0.397025,0.423471,1675.817379,1,31,4
ASV_150_A,ASV_150_A,,4,0.395216,0.420829,1188.214119,8,28,4
ASV_151_A,ASV_151_A,,4,0.393424,0.418428,881.594516,3,27,4
ASV_154_A,ASV_154_A,,4,0.369673,0.388729,552.296304,1,18,4
ASV_155_A,ASV_155_A,,4,0.383567,0.405299,769.533712,3,20,4
ASV_159_A,ASV_159_A,,3,0.380482,0.402337,910.652709,4,22,4
ASV_16_A,ASV_16_A,,4,0.368105,0.386247,426.671441,5,16,4
ASV_161_A,ASV_161_A,,4,0.369673,0.388569,529.464488,6,18,4
ASV_167_A,ASV_167_A,,4,0.376628,0.397775,539.338373,3,20,4
ASV_169_A,ASV_169_A,,4,0.375541,0.395613,513.111651,3,18,4
ASV_17_A,ASV_17_A,,4,0.395517,0.420429,1164.065195,5,26,4
ASV_171_A,ASV_171_A,,4,0.383567,0.4065,730.70914,5,23,4
ASV_173_A,ASV_173_A,,3,0.383708,0.40602,873.934678,3,22,4
ASV_178_A,ASV_178_A,,4,0.382861,0.4061,1191.753083,0,25,4
ASV_179_A,ASV_179_A,,4,0.374057,0.394412,442.376177,0,19,4
ASV_18_A,ASV_18_A,,3,0.405058,0.431156,1183.509347,1,29,4
ASV_180_A,ASV_180_A,,4,0.377174,0.397855,616.145447,5,19,4
ASV_182_A,ASV_182_A,,4,0.383284,0.407301,984.518057,1,27,4
ASV_185_A,ASV_185_A,,4,0.395517,0.420029,1018.657406,3,25,4
ASV_186_A,ASV_186_A,,4,0.383567,0.4057,710.444717,2,21,4
ASV_187_A,ASV_187_A,,4,0.37527,0.396414,670.852442,3,20,4
ASV_188_A,ASV_188_A,,4,0.377584,0.399456,618.059194,3,21,4
ASV_189_A,ASV_189_A,,4,0.37965,0.401457,1038.065158,6,22,4
ASV_19_A,ASV_19_A,,3,0.388288,0.411143,716.164541,8,22,4
ASV_190_A,ASV_190_A,,4,0.354202,0.371278,499.420445,6,17,4
ASV_195_A,ASV_195_A,,4,0.350859,0.365354,151.408919,3,11,4
ASV_196_A,ASV_196_A,,4,0.367325,0.386247,346.996402,5,16,4
ASV_197_A,ASV_197_A,,4,0.371653,0.391771,648.634165,3,20,4
ASV_199_A,ASV_199_A,,4,0.355169,0.372398,421.19551,6,17,4
ASV_2_A,ASV_2_A,,3,0.397936,0.422831,1233.937684,2,26,4
ASV_203_A,ASV_203_A,,4,0.390034,0.414185,1037.935715,8,25,4
ASV_204_A,ASV_204_A,,4,0.373788,0.394332,572.863805,3,20,4
ASV_207_A,ASV_207_A,,4,0.386989,0.410263,824.176078,1,23,4
ASV_208_A,ASV_208_A,,4,0.399003,0.425152,1434.873973,0,29,4
ASV_21_A,ASV_21_A,,4,0.371123,0.39001,367.968427,0,16,4
ASV_210_A,ASV_210_A,,4,0.381878,0.405459,803.690553,3,25,4
ASV_22_A,ASV_22_A,,3,0.404586,0.430996,1521.48165,1,30,4
ASV_223_A,ASV_223_A,,4,0.382439,0.404339,657.621371,0,21,4
ASV_23_A,ASV_23_A,,3,0.393573,0.418188,1151.036205,6,26,4
ASV_231_A,ASV_231_A,,4,0.325313,0.339097,93.670492,6,8,4
ASV_235_A,ASV_235_A,,4,0.367066,0.384646,270.190333,4,15,4
ASV_24_A,ASV_24_A,,4,0.374595,0.394412,515.699186,4,18,4
ASV_25_A,ASV_25_A,,4,0.406165,0.433317,1809.078437,7,32,4
ASV_251_A,ASV_251_A,,4,0.38527,0.408581,963.986749,1,24,4
ASV_26_A,ASV_26_A,,4,0.375541,0.396334,796.132938,4,20,4
ASV_27_A,ASV_27_A,,4,0.376764,0.397775,545.987861,5,19,4
ASV_274_A,ASV_274_A,,4,0.379927,0.402578,1061.303533,6,24,4
ASV_28_A,ASV_28_A,,3,0.388288,0.411143,742.620489,1,22,4
ASV_29_A,ASV_29_A,,4,0.367066,0.385367,325.714013,8,16,4
ASV_3_A,ASV_3_A,,4,0.384559,0.408021,781.21529,2,24,4
ASV_30_A,ASV_30_A,,4,0.391059,0.414986,895.241166,8,24,4
ASV_32_A,ASV_32_A,,4,0.374191,0.394733,533.102209,5,20,4
ASV_33_A,ASV_33_A,,3,0.39402,0.418988,1341.659578,6,27,4
ASV_35_A,ASV_35_A,,4,0.386414,0.409942,778.120961,3,24,4
ASV_37_A,ASV_37_A,,3,0.39627,0.42139,1187.623422,1,27,4
ASV_39_A,ASV_39_A,,4,0.368626,0.387448,338.957929,4,17,4
ASV_4_A,ASV_4_A,,4,0.372718,0.392251,382.031659,3,17,4
ASV_40_A,ASV_40_A,,4,0.377721,0.398735,580.054988,2,20,4
ASV_41_A,ASV_41_A,,3,0.396571,0.42203,1298.983303,0,28,4
ASV_42_A,ASV_42_A,,3,0.395517,0.420589,1355.120989,5,27,4
ASV_43_A,ASV_43_A,,4,0.379373,0.400656,587.501193,8,20,4
ASV_45_A,ASV_45_A,,3,0.383567,0.405219,656.231849,2,20,4
ASV_46_A,ASV_46_A,,3,0.386558,0.408902,700.07787,3,21,4
ASV_47_A,ASV_47_A,,3,0.383002,0.404579,751.680101,2,20,4
ASV_48_A,ASV_48_A,,4,0.394767,0.419949,1136.635434,8,27,4
ASV_49_A,ASV_49_A,,3,0.393573,0.417867,1016.372831,8,25,4
ASV_5_A,ASV_5_A,,4,0.384417,0.408341,838.004375,8,26,4
ASV_53_A,ASV_53_A,,3,0.393573,0.418828,1312.289509,0,28,4
ASV_57_A,ASV_57_A,,4,0.384417,0.40682,822.392269,3,21,4
ASV_59_A,ASV_59_A,,3,0.396874,0.42203,1078.901332,7,27,4
ASV_6_A,ASV_6_A,,4,0.383143,0.4061,708.278472,6,23,4
ASV_60_A,ASV_60_A,,4,0.393127,0.418108,1071.50821,2,27,4
ASV_62_A,ASV_62_A,,4,0.370331,0.388889,526.209116,7,17,4
ASV_64_A,ASV_64_A,,4,0.389596,0.414265,1061.614288,8,26,4
ASV_66_A,ASV_66_A,,3,0.412277,0.439962,1953.649995,1,34,4
ASV_67_A,ASV_67_A,,4,0.366808,0.384166,323.210503,6,14,4
ASV_68_A,ASV_68_A,,4,0.382721,0.40554,753.219141,5,23,4
ASV_7_A,ASV_7_A,,3,0.38945,0.413705,1084.358499,1,26,4
ASV_71_A,ASV_71_A,,4,0.387133,0.411063,947.724944,8,25,4
ASV_72_A,ASV_72_A,,4,0.391353,0.415546,815.611874,0,25,4
ASV_75_A,ASV_75_A,,4,0.387854,0.411383,953.629155,5,24,4
ASV_76_A,ASV_76_A,,4,0.384701,0.408261,817.883907,8,24,4
ASV_79_A,ASV_79_A,,3,0.392534,0.416747,900.649185,3,25,4
ASV_8_A,ASV_8_A,,4,0.389742,0.414425,1002.0309,8,27,4
ASV_81_A,ASV_81_A,,4,0.379097,0.400016,574.177037,6,19,4
ASV_82_A,ASV_82_A,,4,0.380761,0.403378,944.441859,6,24,4
ASV_83_A,ASV_83_A,,3,0.390326,0.414025,884.755518,3,24,4
ASV_86_A,ASV_86_A,,4,0.389304,0.412664,942.641084,0,23,4
ASV_87_A,ASV_87_A,,4,0.392682,0.416667,877.308089,3,24,4
ASV_88_A,ASV_88_A,,4,0.373654,0.393212,542.108571,5,18,4
ASV_89_A,ASV_89_A,,4,0.387421,0.411063,839.013723,3,24,4
ASV_9_A,ASV_9_A,,3,0.407756,0.434838,1719.172328,1,32,4
ASV_91_A,ASV_91_A,,4,0.382018,0.404739,834.931799,1,23,4
ASV_92_A,ASV_92_A,,4,0.398545,0.424191,1169.426385,3,28,4
ASV_94_A,ASV_94_A,,4,0.384275,0.4065,685.939294,7,21,4
ASV_95_A,ASV_95_A,,4,0.38258,0.404099,590.496507,4,19,4
ASV_98_A,ASV_98_A,,4,0.388288,0.412184,941.393948,5,25,4
ASV_99_A,ASV_99_A,,4,0.395968,0.420829,1071.869894,5,26,4
