ASV_ID	kingdom	phylum	class	order	family	genus
ASV_1_A	Viridiplantae	Chlorophyta	Trebouxiophyceae	Trebouxiales	Trebouxiaceae	Symbiochloris
ASV_10_A	Viridiplantae	Chlorophyta	Trebouxiophyceae	Chlorellales	Chlorellaceae	Apatococcus
ASV_100_A	Viridiplantae	Chlorophyta	Trebouxiophyceae	Prasiolales		
ASV_101_A	Viridiplantae	Chlorophyta	Trebouxiophyceae	Trebouxiales	Trebouxiaceae	Dictyochloropsis
ASV_102_A	Viridiplantae	Chlorophyta	Trebouxiophyceae	Prasiolales	Stichococcaceae	Stichococcus
ASV_104_A	Viridiplantae	Chlorophyta	Trebouxiophyceae	Trebouxiales	Trebouxiaceae	Trebouxia
ASV_105_A	Viridiplantae	Chlorophyta	Trebouxiophyceae			Elliptochloris
ASV_107_A	Viridiplantae	Chlorophyta	Chlorophyceae	Sphaeropleales	Radiococcaceae	Gloeocystis
ASV_108_A	Viridiplantae	Chlorophyta	Trebouxiophyceae			Coccomyxa
ASV_11_A	Viridiplantae	Chlorophyta	Trebouxiophyceae	Chlorellales	Chlorellaceae	Apatococcus
ASV_111_A	Viridiplantae	Chlorophyta	Trebouxiophyceae	Trebouxiales	Trebouxiaceae	Symbiochloris
ASV_114_A	Viridiplantae	Chlorophyta	Trebouxiophyceae			Coccomyxa
ASV_119_A	Viridiplantae	Chlorophyta	Trebouxiophyceae	Trebouxiales	Trebouxiaceae	Symbiochloris
ASV_12_A	Viridiplantae	Chlorophyta	Trebouxiophyceae	Trebouxiales	Trebouxiaceae	Trebouxia
ASV_120_A	Viridiplantae	Chlorophyta	Trebouxiophyceae	Prasiolales	Stichococcaceae	Stichococcus
ASV_121_A	Viridiplantae	Chlorophyta	Trebouxiophyceae	Trebouxiales	Trebouxiaceae	Dictyochloropsis
ASV_125_A	Viridiplantae	Chlorophyta	Trebouxiophyceae	Trebouxiales	Trebouxiaceae	Symbiochloris
ASV_126_A	Viridiplantae	Chlorophyta	Trebouxiophyceae	Trebouxiales	Trebouxiaceae	Symbiochloris
ASV_127_A	Viridiplantae	Chlorophyta	Trebouxiophyceae	Prasiolales	Stichococcaceae	Diplosphaera
ASV_13_A	Viridiplantae	Chlorophyta	Trebouxiophyceae	Trebouxiales	Trebouxiaceae	Symbiochloris
ASV_131_A	Viridiplantae	Chlorophyta	Trebouxiophyceae			Coccomyxa
ASV_132_A	Viridiplantae	Chlorophyta	Trebouxiophyceae			Coccomyxa
ASV_133_A	Viridiplantae	Chlorophyta	Trebouxiophyceae	Prasiolales	Stichococcaceae	Diplosphaera
ASV_138_A	Viridiplantae	Chlorophyta	Trebouxiophyceae			Pseudostichococcus
ASV_139_A	Viridiplantae	Chlorophyta	Trebouxiophyceae			Coccomyxa
ASV_14_A	Viridiplantae	Chlorophyta	Trebouxiophyceae	Trebouxiales	Trebouxiaceae	Trebouxia
ASV_140_A	Viridiplantae	Chlorophyta	Trebouxiophyceae	Prasiolales	Stichococcaceae	Stichococcus
ASV_141_A	Viridiplantae	Chlorophyta	Trebouxiophyceae	Prasiolales	Stichococcaceae	Stichococcus
ASV_142_A	Viridiplantae	Chlorophyta	Trebouxiophyceae	Trebouxiales	Trebouxiaceae	Dictyochloropsis
ASV_146_A	Viridiplantae	Chlorophyta	Trebouxiophyceae	Trebouxiales	Trebouxiaceae	Dictyochloropsis
ASV_148_A	Viridiplantae	Chlorophyta	Trebouxiophyceae	Trebouxiales	Trebouxiaceae	Trebouxia
ASV_15_A	Viridiplantae	Chlorophyta	Trebouxiophyceae	Trebouxiales	Trebouxiaceae	Symbiochloris
ASV_150_A	Viridiplantae	Chlorophyta	Trebouxiophyceae	Prasiolales	Stichococcaceae	Tritostichococcus
ASV_151_A	Viridiplantae	Chlorophyta	Trebouxiophyceae			Coccomyxa
ASV_154_A	Viridiplantae	Chlorophyta	Trebouxiophyceae	Trebouxiales	Trebouxiaceae	Vulcanochloris
ASV_155_A	Viridiplantae	Chlorophyta	Trebouxiophyceae	Trebouxiales	Trebouxiaceae	Symbiochloris
ASV_159_A	Viridiplantae	Chlorophyta	Trebouxiophyceae	Prasiolales	Stichococcaceae	Stichococcus
ASV_16_A	Viridiplantae	Chlorophyta	Trebouxiophyceae	Trebouxiales	Trebouxiaceae	Asterochloris
ASV_161_A	Viridiplantae	Chlorophyta	Trebouxiophyceae	Trebouxiales	Trebouxiaceae	Asterochloris
ASV_167_A	Viridiplantae	Chlorophyta	Chlorophyceae	Sphaeropleales	Radiococcaceae	Gloeocystis
ASV_169_A	Viridiplantae	Chlorophyta	Trebouxiophyceae			Coccomyxa
ASV_17_A	Viridiplantae	Chlorophyta	Trebouxiophyceae	Trebouxiales	Trebouxiaceae	Symbiochloris
ASV_171_A	Viridiplantae	Streptophyta	Klebsormidiophyceae	Klebsormidiales	Klebsormidiaceae	Interfilum
ASV_173_A	Viridiplantae	Chlorophyta	Trebouxiophyceae			Coccomyxa
ASV_178_A	Viridiplantae	Chlorophyta	Trebouxiophyceae			Coccomyxa
ASV_179_A	Viridiplantae	Chlorophyta	Trebouxiophyceae	Trebouxiales	Trebouxiaceae	Symbiochloris
ASV_18_A	Viridiplantae	Chlorophyta	Trebouxiophyceae	Trebouxiales	Trebouxiaceae	Trebouxia
ASV_180_A	Viridiplantae	Chlorophyta	Trebouxiophyceae	Prasiolales	Stichococcaceae	Deuterostichococcus
ASV_182_A	Viridiplantae	Chlorophyta	Trebouxiophyceae	Trebouxiales	Trebouxiaceae	Asterochloris
ASV_184_A	Viridiplantae	Chlorophyta	Trebouxiophyceae	Trebouxiales	Trebouxiaceae	Dictyochloropsis
ASV_185_A	Viridiplantae	Chlorophyta	Trebouxiophyceae	Prasiolales	Stichococcaceae	Deuterostichococcus
ASV_186_A	Viridiplantae	Chlorophyta	Trebouxiophyceae			Elliptochloris
ASV_187_A	Viridiplantae	Chlorophyta	Trebouxiophyceae			Coccomyxa
ASV_188_A	Viridiplantae	Chlorophyta	Trebouxiophyceae			Coccomyxa
ASV_189_A	Viridiplantae	Chlorophyta	Trebouxiophyceae	Trebouxiales	Trebouxiaceae	Dictyochloropsis
ASV_19_A	Viridiplantae	Chlorophyta	Trebouxiophyceae			Coccomyxa
ASV_190_A	Viridiplantae	Chlorophyta	Trebouxiophyceae	Trebouxiales	Trebouxiaceae	Dictyochloropsis
ASV_195_A	Viridiplantae	Chlorophyta	Trebouxiophyceae			Coccomyxa
ASV_196_A	Viridiplantae	Chlorophyta	Trebouxiophyceae			Coccomyxa
ASV_197_A	Viridiplantae	Chlorophyta	Trebouxiophyceae			Coccomyxa
ASV_199_A	Viridiplantae	Chlorophyta	Trebouxiophyceae	Trebouxiales	Trebouxiaceae	Trebouxia
ASV_2_A	Viridiplantae	Chlorophyta	Trebouxiophyceae	Chlorellales	Chlorellaceae	Apatococcus
ASV_203_A	Viridiplantae	Chlorophyta	Trebouxiophyceae	Prasiolales	Stichococcaceae	Stichococcus
ASV_204_A	Viridiplantae	Chlorophyta	Trebouxiophyceae			Coccomyxa
ASV_207_A	Viridiplantae	Chlorophyta	Trebouxiophyceae	Trebouxiales	Trebouxiaceae	Symbiochloris
ASV_208_A	Viridiplantae	Chlorophyta	Trebouxiophyceae	Prasiolales	Stichococcaceae	Deuterostichococcus
ASV_21_A	Viridiplantae	Chlorophyta	Trebouxiophyceae	Trebouxiales	Trebouxiaceae	Dictyochloropsis
ASV_210_A	Viridiplantae	Chlorophyta	Trebouxiophyceae			Coccomyxa
ASV_219_A	Viridiplantae	Chlorophyta	Trebouxiophyceae			Coccomyxa
ASV_22_A	Viridiplantae	Chlorophyta	Trebouxiophyceae	Trebouxiales	Trebouxiaceae	Trebouxia
ASV_222_A	Viridiplantae	Chlorophyta	Trebouxiophyceae			Elliptochloris
ASV_223_A	Viridiplantae	Chlorophyta	Trebouxiophyceae			Coccomyxa
ASV_227_A	Viridiplantae	Chlorophyta	Trebouxiophyceae			Elliptochloris
ASV_23_A	Viridiplantae	Chlorophyta	Trebouxiophyceae	Trebouxiales	Trebouxiaceae	Symbiochloris
ASV_231_A	Viridiplantae	Chlorophyta	Trebouxiophyceae			Watanabea
ASV_235_A	Viridiplantae	Streptophyta	Klebsormidiophyceae	Klebsormidiales	Klebsormidiaceae	Klebsormidium
ASV_237_A	Viridiplantae	Chlorophyta	Trebouxiophyceae	Prasiolales	Stichococcaceae	Stichococcus
ASV_239_A	Viridiplantae	Chlorophyta	Trebouxiophyceae			Coccomyxa
ASV_24_A	Viridiplantae	Chlorophyta	Trebouxiophyceae	Trebouxiales	Trebouxiaceae	Trebouxia
ASV_241_A	Viridiplantae	Chlorophyta	Trebouxiophyceae			Coccomyxa
ASV_246_A	Viridiplantae	Chlorophyta	Trebouxiophyceae	Prasiolales	Stichococcaceae	Diplosphaera
ASV_25_A	Viridiplantae	Chlorophyta	Trebouxiophyceae	Chlorellales	Chlorellaceae	Apatococcus
ASV_251_A	Viridiplantae	Chlorophyta	Trebouxiophyceae	Prasiolales	Stichococcaceae	Stichococcus
ASV_257_A	Viridiplantae	Chlorophyta	Trebouxiophyceae	Trebouxiales	Trebouxiaceae	Symbiochloris
ASV_26_A	Viridiplantae	Chlorophyta	Trebouxiophyceae	Trebouxiales	Trebouxiaceae	Symbiochloris
ASV_261_A	Viridiplantae	Chlorophyta	Trebouxiophyceae	Trebouxiales	Trebouxiaceae	Dictyochloropsis
ASV_268_A	Viridiplantae	Chlorophyta	Trebouxiophyceae			Elliptochloris
ASV_27_A	Viridiplantae	Chlorophyta	Trebouxiophyceae	Trebouxiales	Trebouxiaceae	Dictyochloropsis
ASV_274_A	Viridiplantae	Streptophyta	Klebsormidiophyceae	Klebsormidiales	Klebsormidiaceae	Klebsormidium
ASV_276_A	Viridiplantae	Chlorophyta	Trebouxiophyceae			Elliptochloris
ASV_278_A	Viridiplantae	Chlorophyta	Trebouxiophyceae	Trebouxiales	Trebouxiaceae	Symbiochloris
ASV_28_A	Viridiplantae	Chlorophyta	Trebouxiophyceae	Trebouxiales	Trebouxiaceae	Symbiochloris
ASV_282_A	Viridiplantae	Chlorophyta	Trebouxiophyceae			Elliptochloris
ASV_29_A	Viridiplantae	Chlorophyta	Trebouxiophyceae	Trebouxiales	Trebouxiaceae	Symbiochloris
ASV_291_A	Viridiplantae	Chlorophyta	Trebouxiophyceae	Prasiolales	Stichococcaceae	Diplosphaera
ASV_298_A	Viridiplantae					
ASV_3_A	Viridiplantae	Chlorophyta	Trebouxiophyceae	Prasiolales	Stichococcaceae	Desmococcus
ASV_30_A	Fungi	Ascomycota	Lecanoromycetes	Lecanorales	Parmeliaceae	Flavopunctelia
ASV_300_A	Viridiplantae	Streptophyta	Klebsormidiophyceae	Klebsormidiales	Klebsormidiaceae	Klebsormidium
ASV_305_A	Viridiplantae	Chlorophyta	Trebouxiophyceae	Trebouxiales	Trebouxiaceae	Symbiochloris
ASV_307_A	Viridiplantae	Streptophyta	Klebsormidiophyceae	Klebsormidiales	Klebsormidiaceae	Klebsormidium
ASV_308_A	Viridiplantae	Chlorophyta	Trebouxiophyceae	Prasiolales	Stichococcaceae	Tritostichococcus
ASV_311_A	Viridiplantae	Chlorophyta	Trebouxiophyceae	Prasiolales	Stichococcaceae	Deuterostichococcus
ASV_312_A	Viridiplantae	Chlorophyta	Trebouxiophyceae	Trebouxiales	Trebouxiaceae	Dictyochloropsis
ASV_315_A	Viridiplantae	Streptophyta	Klebsormidiophyceae	Klebsormidiales	Klebsormidiaceae	Klebsormidium
ASV_32_A	Viridiplantae	Streptophyta	Klebsormidiophyceae	Klebsormidiales	Klebsormidiaceae	Interfilum
ASV_322_A	Viridiplantae	Chlorophyta	Trebouxiophyceae	Trebouxiales	Trebouxiaceae	Symbiochloris
ASV_328_A	Viridiplantae	Chlorophyta	Trebouxiophyceae	Trebouxiales	Trebouxiaceae	Symbiochloris
ASV_33_A	Viridiplantae	Chlorophyta	Trebouxiophyceae	Prasiolales	Stichococcaceae	Diplosphaera
ASV_332_A	Viridiplantae	Chlorophyta	Trebouxiophyceae	Trebouxiales	Trebouxiaceae	Asterochloris
ASV_344_A	Viridiplantae	Chlorophyta	Trebouxiophyceae			Elliptochloris
ASV_345_A	Viridiplantae	Chlorophyta	Trebouxiophyceae	Prasiolales	Stichococcaceae	Stichococcus
ASV_35_A	Viridiplantae	Chlorophyta	Trebouxiophyceae	Trebouxiales	Trebouxiaceae	Dictyochloropsis
ASV_353_A	Viridiplantae	Chlorophyta	Trebouxiophyceae			Elliptochloris
ASV_356_A	Viridiplantae	Chlorophyta	Trebouxiophyceae			Elliptochloris
ASV_359_A	Viridiplantae	Chlorophyta	Trebouxiophyceae	Prasiolales	Stichococcaceae	Tritostichococcus
ASV_361_A	Viridiplantae	Chlorophyta	Trebouxiophyceae	Trebouxiales	Trebouxiaceae	Symbiochloris
ASV_364_A	Viridiplantae	Chlorophyta	Trebouxiophyceae	Prasiolales	Stichococcaceae	Deuterostichococcus
ASV_365_A	Viridiplantae	Chlorophyta	Trebouxiophyceae	Prasiolales	Stichococcaceae	Stichococcus
ASV_37_A	Viridiplantae	Chlorophyta	Trebouxiophyceae	Prasiolales	Stichococcaceae	Diplosphaera
ASV_379_A	Viridiplantae	Chlorophyta	Trebouxiophyceae	Trebouxiales	Trebouxiaceae	Asterochloris
ASV_383_A	Viridiplantae	Chlorophyta	Trebouxiophyceae	Prasiolales	Stichococcaceae	Stichococcus
ASV_39_A	Viridiplantae	Chlorophyta	Trebouxiophyceae	Trebouxiales	Trebouxiaceae	Symbiochloris
ASV_397_A	Viridiplantae	Chlorophyta	Trebouxiophyceae			Chloroidium
ASV_4_A	Viridiplantae	Chlorophyta	Trebouxiophyceae	Prasiolales	Stichococcaceae	Desmococcus
ASV_40_A	Viridiplantae	Chlorophyta	Trebouxiophyceae	Trebouxiales	Trebouxiaceae	Dictyochloropsis
ASV_402_A	Viridiplantae	Chlorophyta	Trebouxiophyceae	Prasiolales	Stichococcaceae	Deuterostichococcus
ASV_403_A	Viridiplantae	Chlorophyta				
ASV_407_A	Viridiplantae	Chlorophyta	Trebouxiophyceae			Chloroidium
ASV_408_A	Viridiplantae	Chlorophyta	Chlorophyceae	Sphaeropleales	Radiococcaceae	Gloeocystis
ASV_409_A	Viridiplantae	Chlorophyta	Trebouxiophyceae	Trebouxiales	Trebouxiaceae	Asterochloris
ASV_41_A	Viridiplantae	Chlorophyta	Trebouxiophyceae	Chlorellales	Chlorellaceae	Apatococcus
ASV_411_A	Viridiplantae	Chlorophyta	Trebouxiophyceae			Coccomyxa
ASV_412_A	Viridiplantae	Chlorophyta	Trebouxiophyceae			Elliptochloris
ASV_42_A	Viridiplantae	Chlorophyta	Trebouxiophyceae	Trebouxiales	Trebouxiaceae	Dictyochloropsis
ASV_422_A	Viridiplantae	Chlorophyta	Trebouxiophyceae	Prasiolales	Stichococcaceae	Stichococcus
ASV_423_A	Viridiplantae	Chlorophyta	Trebouxiophyceae			Coccomyxa
ASV_43_A	Viridiplantae	Chlorophyta	Trebouxiophyceae	Trebouxiales	Trebouxiaceae	Symbiochloris
ASV_443_A	Viridiplantae	Chlorophyta	Trebouxiophyceae	Trebouxiales	Trebouxiaceae	Symbiochloris
ASV_45_A	Viridiplantae	Chlorophyta	Trebouxiophyceae	Prasiolales	Stichococcaceae	Diplosphaera
ASV_451_A	Viridiplantae	Chlorophyta	Trebouxiophyceae	Chlorellales	Chlorellaceae	Pseudochlorella
ASV_46_A	Viridiplantae	Chlorophyta	Trebouxiophyceae	Prasiolales	Stichococcaceae	Diplosphaera
ASV_462_A	Viridiplantae	Chlorophyta	Trebouxiophyceae			Coccomyxa
ASV_463_A	Viridiplantae	Chlorophyta	Trebouxiophyceae	Chlorellales	Chlorellaceae	Pseudochlorella
ASV_464_A	Viridiplantae	Chlorophyta	Trebouxiophyceae	Prasiolales	Prasiolaceae	Prasiola
ASV_47_A	Viridiplantae	Chlorophyta	Trebouxiophyceae	Prasiolales	Stichococcaceae	Diplosphaera
ASV_474_A	Viridiplantae	Chlorophyta	Trebouxiophyceae	Trebouxiales	Trebouxiaceae	Symbiochloris
ASV_475_A	Viridiplantae	Streptophyta	Klebsormidiophyceae	Klebsormidiales	Klebsormidiaceae	Interfilum
ASV_48_A	Fungi	Ascomycota	Lecanoromycetes	Lecanorales	Parmeliaceae	Punctelia
ASV_484_A	Viridiplantae	Chlorophyta	Trebouxiophyceae	Prasiolales	Stichococcaceae	Deuterostichococcus
ASV_485_A	Viridiplantae	Chlorophyta	Trebouxiophyceae	Trebouxiales	Trebouxiaceae	Trebouxia
ASV_487_A	Viridiplantae	Chlorophyta				
ASV_489_A	Viridiplantae	Chlorophyta	Trebouxiophyceae	Trebouxiales	Trebouxiaceae	Trebouxia
ASV_49_A	Viridiplantae	Chlorophyta	Trebouxiophyceae	Prasiolales	Stichococcaceae	Diplosphaera
ASV_491_A	Viridiplantae	Chlorophyta	Trebouxiophyceae			
ASV_495_A	Viridiplantae	Chlorophyta	Trebouxiophyceae	Trebouxiales	Trebouxiaceae	Asterochloris
ASV_498_A	Viridiplantae	Chlorophyta	Trebouxiophyceae	Trebouxiales	Trebouxiaceae	Symbiochloris
ASV_499_A	Viridiplantae	Chlorophyta	Trebouxiophyceae	Prasiolales	Stichococcaceae	Stichococcus
ASV_5_A	Viridiplantae	Chlorophyta	Trebouxiophyceae	Trebouxiales	Trebouxiaceae	Trebouxia
ASV_500_A	Viridiplantae	Chlorophyta	Trebouxiophyceae	Chlorellales	Chlorellaceae	Pseudochlorella
ASV_509_A	Viridiplantae	Chlorophyta	Trebouxiophyceae	Trebouxiales	Trebouxiaceae	Dictyochloropsis
ASV_510_A	Viridiplantae	Chlorophyta	Trebouxiophyceae	Trebouxiales	Trebouxiaceae	Symbiochloris
ASV_514_A	Viridiplantae	Chlorophyta	Trebouxiophyceae	Trebouxiales	Trebouxiaceae	Asterochloris
ASV_521_A	Viridiplantae	Chlorophyta	Trebouxiophyceae	Prasiolales	Stichococcaceae	Deuterostichococcus
ASV_523_A	Viridiplantae	Chlorophyta	Trebouxiophyceae	Prasiolales	Stichococcaceae	Tritostichococcus
ASV_525_A	Viridiplantae	Chlorophyta	Trebouxiophyceae	Trebouxiales	Trebouxiaceae	Trebouxia
ASV_53_A	Viridiplantae	Chlorophyta	Trebouxiophyceae	Trebouxiales	Trebouxiaceae	Dictyochloropsis
ASV_536_A	Viridiplantae	Chlorophyta	Trebouxiophyceae			Elliptochloris
ASV_537_A	Viridiplantae	Chlorophyta	Trebouxiophyceae	Trebouxiales	Trebouxiaceae	Symbiochloris
ASV_538_A	Viridiplantae	Chlorophyta	Trebouxiophyceae	Trebouxiales	Trebouxiaceae	Dictyochloropsis
ASV_539_A	Viridiplantae	Chlorophyta	Trebouxiophyceae			Chloroidium
ASV_540_A	Viridiplantae	Chlorophyta	Trebouxiophyceae	Prasiolales	Stichococcaceae	Desmococcus
ASV_546_A	Viridiplantae	Chlorophyta	Trebouxiophyceae	Prasiolales	Stichococcaceae	Deuterostichococcus
ASV_555_A	Viridiplantae	Chlorophyta	Trebouxiophyceae	Chlorellales	Chlorellaceae	Chlorella
ASV_556_A	Viridiplantae	Chlorophyta	Trebouxiophyceae	Trebouxiales	Trebouxiaceae	Symbiochloris
ASV_57_A	Viridiplantae	Chlorophyta	Trebouxiophyceae	Trebouxiales	Trebouxiaceae	Dictyochloropsis
ASV_573_A	Viridiplantae	Chlorophyta	Trebouxiophyceae			Chloroidium
ASV_577_A	Viridiplantae	Chlorophyta	Trebouxiophyceae	Trebouxiales	Trebouxiaceae	Asterochloris
ASV_581_A	Viridiplantae	Chlorophyta	Trebouxiophyceae	Trebouxiales	Trebouxiaceae	Symbiochloris
ASV_583_A	Viridiplantae	Chlorophyta	Trebouxiophyceae	Prasiolales	Stichococcaceae	Deuterostichococcus
ASV_585_A	Viridiplantae	Chlorophyta	Trebouxiophyceae			Chloroidium
ASV_586_A	Viridiplantae	Chlorophyta	Trebouxiophyceae			Elliptochloris
ASV_59_A	Viridiplantae	Chlorophyta	Trebouxiophyceae	Trebouxiales	Trebouxiaceae	Symbiochloris
ASV_595_A	Viridiplantae	Chlorophyta	Trebouxiophyceae	Trebouxiales	Trebouxiaceae	Symbiochloris
ASV_597_A	Viridiplantae	Chlorophyta	Trebouxiophyceae	Trebouxiales	Trebouxiaceae	Dictyochloropsis
ASV_6_A	Viridiplantae	Chlorophyta	Trebouxiophyceae	Chlorellales	Chlorellaceae	Apatococcus
ASV_60_A	Viridiplantae	Chlorophyta	Trebouxiophyceae	Trebouxiales	Trebouxiaceae	Dictyochloropsis
ASV_603_A	Viridiplantae	Chlorophyta	Chlorophyceae	Sphaeropleales	Bracteacoccaceae	Bracteacoccus
ASV_608_A	Viridiplantae	Chlorophyta	Trebouxiophyceae	Trebouxiales	Trebouxiaceae	Trebouxia
ASV_610_A	Viridiplantae	Chlorophyta	Trebouxiophyceae	Trebouxiales	Trebouxiaceae	Dictyochloropsis
ASV_62_A	Viridiplantae	Chlorophyta	Trebouxiophyceae	Trebouxiales	Trebouxiaceae	Asterochloris
ASV_64_A	Viridiplantae	Chlorophyta	Trebouxiophyceae	Trebouxiales	Trebouxiaceae	Dictyochloropsis
ASV_66_A	Viridiplantae	Chlorophyta	Trebouxiophyceae			Coccomyxa
ASV_67_A	Viridiplantae	Chlorophyta	Trebouxiophyceae	Prasiolales	Stichococcaceae	Diplosphaera
ASV_68_A	Viridiplantae	Chlorophyta	Trebouxiophyceae	Trebouxiales	Trebouxiaceae	Asterochloris
ASV_7_A	Viridiplantae	Chlorophyta	Trebouxiophyceae	Trebouxiales	Trebouxiaceae	Trebouxia
ASV_71_A	Viridiplantae	Chlorophyta	Trebouxiophyceae	Trebouxiales	Trebouxiaceae	Symbiochloris
ASV_72_A	Viridiplantae	Chlorophyta	Trebouxiophyceae	Trebouxiales	Trebouxiaceae	Symbiochloris
ASV_75_A	Viridiplantae	Chlorophyta	Trebouxiophyceae	Trebouxiales	Trebouxiaceae	Symbiochloris
ASV_76_A	Viridiplantae	Chlorophyta	Trebouxiophyceae	Trebouxiales	Trebouxiaceae	Symbiochloris
ASV_79_A	Viridiplantae	Chlorophyta	Trebouxiophyceae			Elliptochloris
ASV_8_A	Viridiplantae	Chlorophyta	Trebouxiophyceae	Chlorellales	Chlorellaceae	Apatococcus
ASV_81_A	Viridiplantae	Chlorophyta	Trebouxiophyceae	Trebouxiales	Trebouxiaceae	Asterochloris
ASV_82_A	Viridiplantae	Chlorophyta	Trebouxiophyceae	Trebouxiales	Trebouxiaceae	Dictyochloropsis
ASV_83_A	Viridiplantae	Chlorophyta	Trebouxiophyceae			Coccomyxa
ASV_86_A	Viridiplantae	Chlorophyta	Trebouxiophyceae	Trebouxiales	Trebouxiaceae	Symbiochloris
ASV_87_A	Viridiplantae	Chlorophyta	Trebouxiophyceae			Elliptochloris
ASV_88_A	Viridiplantae	Chlorophyta	Trebouxiophyceae	Trebouxiales	Trebouxiaceae	Symbiochloris
ASV_89_A	Viridiplantae	Chlorophyta	Trebouxiophyceae			Elliptochloris
ASV_9_A	Viridiplantae	Chlorophyta	Trebouxiophyceae	Chlorellales	Chlorellaceae	Apatococcus
ASV_91_A	Viridiplantae	Chlorophyta	Trebouxiophyceae	Trebouxiales	Trebouxiaceae	Symbiochloris
ASV_92_A	Viridiplantae	Chlorophyta	Trebouxiophyceae			Elliptochloris
ASV_94_A	Viridiplantae	Chlorophyta	Trebouxiophyceae	Trebouxiales	Trebouxiaceae	Trebouxia
ASV_95_A	Fungi	Ascomycota	Lecanoromycetes	Lecanorales	Parmeliaceae	Flavopunctelia
ASV_98_A	Viridiplantae	Chlorophyta	Trebouxiophyceae			Coccomyxa
ASV_99_A	Viridiplantae	Chlorophyta	Trebouxiophyceae			Coccomyxa
